[2026-08-29 11:51:33] local.ERROR: Undefined variable $lists {"view":{"view":"C:\\xampp\\htdocs\\kreditsathi\\resources\\views\\selfApply\\main.blade.php","data":{"errors":"<pre class=sf-dump id=sf-dump-295743162 data-indent-pad=\"  \"><span class=sf-dump-note>Illuminate\\Support\\ViewErrorBag</span> {<a class=sf-dump-ref>#613</a><samp data-depth=1 class=sf-dump-expanded>
  #<span class=sf-dump-protected title=\"Protected property\">bags</span>: []
</samp>}
</pre><script>Sfdump(\"sf-dump-295743162\", {\"maxDepth\":3,\"maxStringLength\":160})</script>
","meta":"<pre class=sf-dump id=sf-dump-767171513 data-indent-pad=\"  \"><span class=sf-dump-note>array:4</span> [<samp data-depth=1 class=sf-dump-expanded>
  \"<span class=sf-dump-key>keywords</span>\" => \"<span class=sf-dump-str title=\"159 characters\">apply for a personal loan online, easy loan application process, fast personal loan approval, Kreditsathi online loan application, hassle-free loan application</span>\"
  \"<span class=sf-dump-key>title</span>\" => \"<span class=sf-dump-str title=\"68 characters\">Apply for a Personal Loan Online - Fast and Easy Application Process</span>\"
  \"<span class=sf-dump-key>description</span>\" => \"<span class=sf-dump-str title=\"149 characters\">Easily apply for a personal loan online through Kreditsathi`s quick and hassle-free application process with minimal documentation and fast approval.</span>\"
  \"<span class=sf-dump-key>robots</span>\" => \"<span class=sf-dump-str title=\"77 characters\">follow, index,  max-snippet:-1, max-video-preview:-1, max-image-preview:large</span>\"
</samp>]
</pre><script>Sfdump(\"sf-dump-767171513\", {\"maxDepth\":3,\"maxStringLength\":160})</script>
"}},"exception":"[object] (Spatie\\LaravelIgnition\\Exceptions\\ViewException(code: 0): Undefined variable $lists at C:/xampp/htdocs/kreditsathi/resources/views/selfApply/main.blade.php:206)
[stacktrace]
#0 C:/xampp/htdocs/kreditsathi/vendor/laravel/framework/src/Illuminate/Filesystem/Filesystem.php(123): require('C://xampp//htdocs...')
#1 C:/xampp/htdocs/kreditsathi/vendor/laravel/framework/src/Illuminate/Filesystem/Filesystem.php(124): Illuminate/Filesystem/Filesystem::Illuminate/Filesystem/{closure}()
#2 C:/xampp/htdocs/kreditsathi/vendor/laravel/framework/src/Illuminate/View/Engines/PhpEngine.php(58): Illuminate/Filesystem/Filesystem->getRequire('C://xampp//htdocs...', Array)
#3 C:/xampp/htdocs/kreditsathi/vendor/laravel/framework/src/Illuminate/View/Engines/CompilerEngine.php(72): Illuminate/View/Engines/PhpEngine->evaluatePath('C://xampp//htdocs...', Array)
#4 C:/xampp/htdocs/kreditsathi/vendor/laravel/framework/src/Illuminate/View/View.php(207): Illuminate/View/Engines/CompilerEngine->get('C://xampp//htdocs...', Array)
#5 C:/xampp/htdocs/kreditsathi/vendor/laravel/framework/src/Illuminate/View/View.php(190): Illuminate/View/View->getContents()
#6 C:/xampp/htdocs/kreditsathi/vendor/laravel/framework/src/Illuminate/View/View.php(159): Illuminate/View/View->renderContents()
#7 C:/xampp/htdocs/kreditsathi/vendor/laravel/framework/src/Illuminate/Http/Response.php(69): Illuminate/View/View->render()
#8 C:/xampp/htdocs/kreditsathi/vendor/laravel/framework/src/Illuminate/Http/Response.php(35): Illuminate/Http/Response->setContent(Object(Illuminate/View/View))
#9 C:/xampp/htdocs/kreditsathi/vendor/laravel/framework/src/Illuminate/Routing/Router.php(918): Illuminate/Http/Response->__construct(Object(Illuminate/View/View), 200, Array)
#10 C:/xampp/htdocs/kreditsathi/vendor/laravel/framework/src/Illuminate/Routing/Router.php(885): Illuminate/Routing/Router::toResponse(Object(Illuminate/Http/Request), Object(Illuminate/View/View))
#11 C:/xampp/htdocs/kreditsathi/vendor/laravel/framework/src/Illuminate/Routing/Router.php(805): Illuminate/Routing/Router->prepareResponse(Object(Illuminate/Http/Request), Object(Illuminate/View/View))
#12 C:/xampp/htdocs/kreditsathi/vendor/laravel/framework/src/Illuminate/Pipeline/Pipeline.php(144): Illuminate/Routing/Router->Illuminate/Routing/{closure}(Object(Illuminate/Http/Request))
#13 C:/xampp/htdocs/kreditsathi/vendor/laravel/framework/src/Illuminate/Routing/Middleware/SubstituteBindings.php(50): Illuminate/Pipeline/Pipeline->Illuminate/Pipeline/{closure}(Object(Illuminate/Http/Request))
#14 C:/xampp/htdocs/kreditsathi/vendor/laravel/framework/src/Illuminate/Pipeline/Pipeline.php(183): Illuminate/Routing/Middleware/SubstituteBindings->handle(Object(Illuminate/Http/Request), Object(Closure))
#15 C:/xampp/htdocs/kreditsathi/vendor/laravel/framework/src/Illuminate/Foundation/Http/Middleware/VerifyCsrfToken.php(78): Illuminate/Pipeline/Pipeline->Illuminate/Pipeline/{closure}(Object(Illuminate/Http/Request))
#16 C:/xampp/htdocs/kreditsathi/vendor/laravel/framework/src/Illuminate/Pipeline/Pipeline.php(183): Illuminate/Foundation/Http/Middleware/VerifyCsrfToken->handle(Object(Illuminate/Http/Request), Object(Closure))
#17 C:/xampp/htdocs/kreditsathi/vendor/laravel/framework/src/Illuminate/View/Middleware/ShareErrorsFromSession.php(49): Illuminate/Pipeline/Pipeline->Illuminate/Pipeline/{closure}(Object(Illuminate/Http/Request))
#18 C:/xampp/htdocs/kreditsathi/vendor/laravel/framework/src/Illuminate/Pipeline/Pipeline.php(183): Illuminate/View/Middleware/ShareErrorsFromSession->handle(Object(Illuminate/Http/Request), Object(Closure))
#19 C:/xampp/htdocs/kreditsathi/vendor/laravel/framework/src/Illuminate/Session/Middleware/StartSession.php(121): Illuminate/Pipeline/Pipeline->Illuminate/Pipeline/{closure}(Object(Illuminate/Http/Request))
#20 C:/xampp/htdocs/kreditsathi/vendor/laravel/framework/src/Illuminate/Session/Middleware/StartSession.php(64): Illuminate/Session/Middleware/StartSession->handleStatefulRequest(Object(Illuminate/Http/Request), Object(Illuminate/Session/Store), Object(Closure))
#21 C:/xampp/htdocs/kreditsathi/vendor/laravel/framework/src/Illuminate/Pipeline/Pipeline.php(183): Illuminate/Session/Middleware/StartSession->handle(Object(Illuminate/Http/Request), Object(Closure))
#22 C:/xampp/htdocs/kreditsathi/vendor/laravel/framework/src/Illuminate/Cookie/Middleware/AddQueuedCookiesToResponse.php(37): Illuminate/Pipeline/Pipeline->Illuminate/Pipeline/{closure}(Object(Illuminate/Http/Request))
#23 C:/xampp/htdocs/kreditsathi/vendor/laravel/framework/src/Illuminate/Pipeline/Pipeline.php(183): Illuminate/Cookie/Middleware/AddQueuedCookiesToResponse->handle(Object(Illuminate/Http/Request), Object(Closure))
#24 C:/xampp/htdocs/kreditsathi/vendor/laravel/framework/src/Illuminate/Cookie/Middleware/EncryptCookies.php(67): Illuminate/Pipeline/Pipeline->Illuminate/Pipeline/{closure}(Object(Illuminate/Http/Request))
#25 C:/xampp/htdocs/kreditsathi/vendor/laravel/framework/src/Illuminate/Pipeline/Pipeline.php(183): Illuminate/Cookie/Middleware/EncryptCookies->handle(Object(Illuminate/Http/Request), Object(Closure))
#26 C:/xampp/htdocs/kreditsathi/vendor/laravel/framework/src/Illuminate/Pipeline/Pipeline.php(119): Illuminate/Pipeline/Pipeline->Illuminate/Pipeline/{closure}(Object(Illuminate/Http/Request))
#27 C:/xampp/htdocs/kreditsathi/vendor/laravel/framework/src/Illuminate/Routing/Router.php(805): Illuminate/Pipeline/Pipeline->then(Object(Closure))
#28 C:/xampp/htdocs/kreditsathi/vendor/laravel/framework/src/Illuminate/Routing/Router.php(784): Illuminate/Routing/Router->runRouteWithinStack(Object(Illuminate/Routing/Route), Object(Illuminate/Http/Request))
#29 C:/xampp/htdocs/kreditsathi/vendor/laravel/framework/src/Illuminate/Routing/Router.php(748): Illuminate/Routing/Router->runRoute(Object(Illuminate/Http/Request), Object(Illuminate/Routing/Route))
#30 C:/xampp/htdocs/kreditsathi/vendor/laravel/framework/src/Illuminate/Routing/Router.php(737): Illuminate/Routing/Router->dispatchToRoute(Object(Illuminate/Http/Request))
#31 C:/xampp/htdocs/kreditsathi/vendor/laravel/framework/src/Illuminate/Foundation/Http/Kernel.php(200): Illuminate/Routing/Router->dispatch(Object(Illuminate/Http/Request))
#32 C:/xampp/htdocs/kreditsathi/vendor/laravel/framework/src/Illuminate/Pipeline/Pipeline.php(144): Illuminate/Foundation/Http/Kernel->Illuminate/Foundation/Http/{closure}(Object(Illuminate/Http/Request))
#33 C:/xampp/htdocs/kreditsathi/vendor/laravel/framework/src/Illuminate/Foundation/Http/Middleware/TransformsRequest.php(21): Illuminate/Pipeline/Pipeline->Illuminate/Pipeline/{closure}(Object(Illuminate/Http/Request))
#34 C:/xampp/htdocs/kreditsathi/vendor/laravel/framework/src/Illuminate/Foundation/Http/Middleware/ConvertEmptyStringsToNull.php(31): Illuminate/Foundation/Http/Middleware/TransformsRequest->handle(Object(Illuminate/Http/Request), Object(Closure))
#35 C:/xampp/htdocs/kreditsathi/vendor/laravel/framework/src/Illuminate/Pipeline/Pipeline.php(183): Illuminate/Foundation/Http/Middleware/ConvertEmptyStringsToNull->handle(Object(Illuminate/Http/Request), Object(Closure))
#36 C:/xampp/htdocs/kreditsathi/vendor/laravel/framework/src/Illuminate/Foundation/Http/Middleware/TransformsRequest.php(21): Illuminate/Pipeline/Pipeline->Illuminate/Pipeline/{closure}(Object(Illuminate/Http/Request))
#37 C:/xampp/htdocs/kreditsathi/vendor/laravel/framework/src/Illuminate/Foundation/Http/Middleware/TrimStrings.php(40): Illuminate/Foundation/Http/Middleware/TransformsRequest->handle(Object(Illuminate/Http/Request), Object(Closure))
#38 C:/xampp/htdocs/kreditsathi/vendor/laravel/framework/src/Illuminate/Pipeline/Pipeline.php(183): Illuminate/Foundation/Http/Middleware/TrimStrings->handle(Object(Illuminate/Http/Request), Object(Closure))
#39 C:/xampp/htdocs/kreditsathi/vendor/laravel/framework/src/Illuminate/Foundation/Http/Middleware/ValidatePostSize.php(27): Illuminate/Pipeline/Pipeline->Illuminate/Pipeline/{closure}(Object(Illuminate/Http/Request))
#40 C:/xampp/htdocs/kreditsathi/vendor/laravel/framework/src/Illuminate/Pipeline/Pipeline.php(183): Illuminate/Foundation/Http/Middleware/ValidatePostSize->handle(Object(Illuminate/Http/Request), Object(Closure))
#41 C:/xampp/htdocs/kreditsathi/vendor/laravel/framework/src/Illuminate/Foundation/Http/Middleware/PreventRequestsDuringMaintenance.php(99): Illuminate/Pipeline/Pipeline->Illuminate/Pipeline/{closure}(Object(Illuminate/Http/Request))
#42 C:/xampp/htdocs/kreditsathi/vendor/laravel/framework/src/Illuminate/Pipeline/Pipeline.php(183): Illuminate/Foundation/Http/Middleware/PreventRequestsDuringMaintenance->handle(Object(Illuminate/Http/Request), Object(Closure))
#43 C:/xampp/htdocs/kreditsathi/vendor/laravel/framework/src/Illuminate/Http/Middleware/HandleCors.php(49): Illuminate/Pipeline/Pipeline->Illuminate/Pipeline/{closure}(Object(Illuminate/Http/Request))
#44 C:/xampp/htdocs/kreditsathi/vendor/laravel/framework/src/Illuminate/Pipeline/Pipeline.php(183): Illuminate/Http/Middleware/HandleCors->handle(Object(Illuminate/Http/Request), Object(Closure))
#45 C:/xampp/htdocs/kreditsathi/vendor/laravel/framework/src/Illuminate/Http/Middleware/TrustProxies.php(39): Illuminate/Pipeline/Pipeline->Illuminate/Pipeline/{closure}(Object(Illuminate/Http/Request))
#46 C:/xampp/htdocs/kreditsathi/vendor/laravel/framework/src/Illuminate/Pipeline/Pipeline.php(183): Illuminate/Http/Middleware/TrustProxies->handle(Object(Illuminate/Http/Request), Object(Closure))
#47 C:/xampp/htdocs/kreditsathi/vendor/laravel/framework/src/Illuminate/Pipeline/Pipeline.php(119): Illuminate/Pipeline/Pipeline->Illuminate/Pipeline/{closure}(Object(Illuminate/Http/Request))
#48 C:/xampp/htdocs/kreditsathi/vendor/laravel/framework/src/Illuminate/Foundation/Http/Kernel.php(175): Illuminate/Pipeline/Pipeline->then(Object(Closure))
#49 C:/xampp/htdocs/kreditsathi/vendor/laravel/framework/src/Illuminate/Foundation/Http/Kernel.php(144): Illuminate/Foundation/Http/Kernel->sendRequestThroughRouter(Object(Illuminate/Http/Request))
#50 C:/xampp/htdocs/kreditsathi/index.php(51): Illuminate/Foundation/Http/Kernel->handle(Object(Illuminate/Http/Request))
#51 {main}

[previous exception] [object] (ErrorException(code: 0): Undefined variable $lists at C:/xampp/htdocs/kreditsathi/storage/framework/views/171a4cfc915d388c12f34ecdde7f5a8c.php:206)
[stacktrace]
#0 C:/xampp/htdocs/kreditsathi/vendor/laravel/framework/src/Illuminate/Foundation/Bootstrap/HandleExceptions.php(255): Illuminate/Foundation/Bootstrap/HandleExceptions->handleError(2, 'Undefined varia...', 'C://xampp//htdocs...', 206)
#1 C:/xampp/htdocs/kreditsathi/storage/framework/views/171a4cfc915d388c12f34ecdde7f5a8c.php(206): Illuminate/Foundation/Bootstrap/HandleExceptions->Illuminate/Foundation/Bootstrap/{closure}(2, 'Undefined varia...', 'C://xampp//htdocs...', 206)
#2 C:/xampp/htdocs/kreditsathi/vendor/laravel/framework/src/Illuminate/Filesystem/Filesystem.php(123): require('C://xampp//htdocs...')
#3 C:/xampp/htdocs/kreditsathi/vendor/laravel/framework/src/Illuminate/Filesystem/Filesystem.php(124): Illuminate/Filesystem/Filesystem::Illuminate/Filesystem/{closure}()
#4 C:/xampp/htdocs/kreditsathi/vendor/laravel/framework/src/Illuminate/View/Engines/PhpEngine.php(58): Illuminate/Filesystem/Filesystem->getRequire('C://xampp//htdocs...', Array)
#5 C:/xampp/htdocs/kreditsathi/vendor/laravel/framework/src/Illuminate/View/Engines/CompilerEngine.php(72): Illuminate/View/Engines/PhpEngine->evaluatePath('C://xampp//htdocs...', Array)
#6 C:/xampp/htdocs/kreditsathi/vendor/laravel/framework/src/Illuminate/View/View.php(207): Illuminate/View/Engines/CompilerEngine->get('C://xampp//htdocs...', Array)
#7 C:/xampp/htdocs/kreditsathi/vendor/laravel/framework/src/Illuminate/View/View.php(190): Illuminate/View/View->getContents()
#8 C:/xampp/htdocs/kreditsathi/vendor/laravel/framework/src/Illuminate/View/View.php(159): Illuminate/View/View->renderContents()
#9 C:/xampp/htdocs/kreditsathi/vendor/laravel/framework/src/Illuminate/Http/Response.php(69): Illuminate/View/View->render()
#10 C:/xampp/htdocs/kreditsathi/vendor/laravel/framework/src/Illuminate/Http/Response.php(35): Illuminate/Http/Response->setContent(Object(Illuminate/View/View))
#11 C:/xampp/htdocs/kreditsathi/vendor/laravel/framework/src/Illuminate/Routing/Router.php(918): Illuminate/Http/Response->__construct(Object(Illuminate/View/View), 200, Array)
#12 C:/xampp/htdocs/kreditsathi/vendor/laravel/framework/src/Illuminate/Routing/Router.php(885): Illuminate/Routing/Router::toResponse(Object(Illuminate/Http/Request), Object(Illuminate/View/View))
#13 C:/xampp/htdocs/kreditsathi/vendor/laravel/framework/src/Illuminate/Routing/Router.php(805): Illuminate/Routing/Router->prepareResponse(Object(Illuminate/Http/Request), Object(Illuminate/View/View))
#14 C:/xampp/htdocs/kreditsathi/vendor/laravel/framework/src/Illuminate/Pipeline/Pipeline.php(144): Illuminate/Routing/Router->Illuminate/Routing/{closure}(Object(Illuminate/Http/Request))
#15 C:/xampp/htdocs/kreditsathi/vendor/laravel/framework/src/Illuminate/Routing/Middleware/SubstituteBindings.php(50): Illuminate/Pipeline/Pipeline->Illuminate/Pipeline/{closure}(Object(Illuminate/Http/Request))
#16 C:/xampp/htdocs/kreditsathi/vendor/laravel/framework/src/Illuminate/Pipeline/Pipeline.php(183): Illuminate/Routing/Middleware/SubstituteBindings->handle(Object(Illuminate/Http/Request), Object(Closure))
#17 C:/xampp/htdocs/kreditsathi/vendor/laravel/framework/src/Illuminate/Foundation/Http/Middleware/VerifyCsrfToken.php(78): Illuminate/Pipeline/Pipeline->Illuminate/Pipeline/{closure}(Object(Illuminate/Http/Request))
#18 C:/xampp/htdocs/kreditsathi/vendor/laravel/framework/src/Illuminate/Pipeline/Pipeline.php(183): Illuminate/Foundation/Http/Middleware/VerifyCsrfToken->handle(Object(Illuminate/Http/Request), Object(Closure))
#19 C:/xampp/htdocs/kreditsathi/vendor/laravel/framework/src/Illuminate/View/Middleware/ShareErrorsFromSession.php(49): Illuminate/Pipeline/Pipeline->Illuminate/Pipeline/{closure}(Object(Illuminate/Http/Request))
#20 C:/xampp/htdocs/kreditsathi/vendor/laravel/framework/src/Illuminate/Pipeline/Pipeline.php(183): Illuminate/View/Middleware/ShareErrorsFromSession->handle(Object(Illuminate/Http/Request), Object(Closure))
#21 C:/xampp/htdocs/kreditsathi/vendor/laravel/framework/src/Illuminate/Session/Middleware/StartSession.php(121): Illuminate/Pipeline/Pipeline->Illuminate/Pipeline/{closure}(Object(Illuminate/Http/Request))
#22 C:/xampp/htdocs/kreditsathi/vendor/laravel/framework/src/Illuminate/Session/Middleware/StartSession.php(64): Illuminate/Session/Middleware/StartSession->handleStatefulRequest(Object(Illuminate/Http/Request), Object(Illuminate/Session/Store), Object(Closure))
#23 C:/xampp/htdocs/kreditsathi/vendor/laravel/framework/src/Illuminate/Pipeline/Pipeline.php(183): Illuminate/Session/Middleware/StartSession->handle(Object(Illuminate/Http/Request), Object(Closure))
#24 C:/xampp/htdocs/kreditsathi/vendor/laravel/framework/src/Illuminate/Cookie/Middleware/AddQueuedCookiesToResponse.php(37): Illuminate/Pipeline/Pipeline->Illuminate/Pipeline/{closure}(Object(Illuminate/Http/Request))
#25 C:/xampp/htdocs/kreditsathi/vendor/laravel/framework/src/Illuminate/Pipeline/Pipeline.php(183): Illuminate/Cookie/Middleware/AddQueuedCookiesToResponse->handle(Object(Illuminate/Http/Request), Object(Closure))
#26 C:/xampp/htdocs/kreditsathi/vendor/laravel/framework/src/Illuminate/Cookie/Middleware/EncryptCookies.php(67): Illuminate/Pipeline/Pipeline->Illuminate/Pipeline/{closure}(Object(Illuminate/Http/Request))
#27 C:/xampp/htdocs/kreditsathi/vendor/laravel/framework/src/Illuminate/Pipeline/Pipeline.php(183): Illuminate/Cookie/Middleware/EncryptCookies->handle(Object(Illuminate/Http/Request), Object(Closure))
#28 C:/xampp/htdocs/kreditsathi/vendor/laravel/framework/src/Illuminate/Pipeline/Pipeline.php(119): Illuminate/Pipeline/Pipeline->Illuminate/Pipeline/{closure}(Object(Illuminate/Http/Request))
#29 C:/xampp/htdocs/kreditsathi/vendor/laravel/framework/src/Illuminate/Routing/Router.php(805): Illuminate/Pipeline/Pipeline->then(Object(Closure))
#30 C:/xampp/htdocs/kreditsathi/vendor/laravel/framework/src/Illuminate/Routing/Router.php(784): Illuminate/Routing/Router->runRouteWithinStack(Object(Illuminate/Routing/Route), Object(Illuminate/Http/Request))
#31 C:/xampp/htdocs/kreditsathi/vendor/laravel/framework/src/Illuminate/Routing/Router.php(748): Illuminate/Routing/Router->runRoute(Object(Illuminate/Http/Request), Object(Illuminate/Routing/Route))
#32 C:/xampp/htdocs/kreditsathi/vendor/laravel/framework/src/Illuminate/Routing/Router.php(737): Illuminate/Routing/Router->dispatchToRoute(Object(Illuminate/Http/Request))
#33 C:/xampp/htdocs/kreditsathi/vendor/laravel/framework/src/Illuminate/Foundation/Http/Kernel.php(200): Illuminate/Routing/Router->dispatch(Object(Illuminate/Http/Request))
#34 C:/xampp/htdocs/kreditsathi/vendor/laravel/framework/src/Illuminate/Pipeline/Pipeline.php(144): Illuminate/Foundation/Http/Kernel->Illuminate/Foundation/Http/{closure}(Object(Illuminate/Http/Request))
#35 C:/xampp/htdocs/kreditsathi/vendor/laravel/framework/src/Illuminate/Foundation/Http/Middleware/TransformsRequest.php(21): Illuminate/Pipeline/Pipeline->Illuminate/Pipeline/{closure}(Object(Illuminate/Http/Request))
#36 C:/xampp/htdocs/kreditsathi/vendor/laravel/framework/src/Illuminate/Foundation/Http/Middleware/ConvertEmptyStringsToNull.php(31): Illuminate/Foundation/Http/Middleware/TransformsRequest->handle(Object(Illuminate/Http/Request), Object(Closure))
#37 C:/xampp/htdocs/kreditsathi/vendor/laravel/framework/src/Illuminate/Pipeline/Pipeline.php(183): Illuminate/Foundation/Http/Middleware/ConvertEmptyStringsToNull->handle(Object(Illuminate/Http/Request), Object(Closure))
#38 C:/xampp/htdocs/kreditsathi/vendor/laravel/framework/src/Illuminate/Foundation/Http/Middleware/TransformsRequest.php(21): Illuminate/Pipeline/Pipeline->Illuminate/Pipeline/{closure}(Object(Illuminate/Http/Request))
#39 C:/xampp/htdocs/kreditsathi/vendor/laravel/framework/src/Illuminate/Foundation/Http/Middleware/TrimStrings.php(40): Illuminate/Foundation/Http/Middleware/TransformsRequest->handle(Object(Illuminate/Http/Request), Object(Closure))
#40 C:/xampp/htdocs/kreditsathi/vendor/laravel/framework/src/Illuminate/Pipeline/Pipeline.php(183): Illuminate/Foundation/Http/Middleware/TrimStrings->handle(Object(Illuminate/Http/Request), Object(Closure))
#41 C:/xampp/htdocs/kreditsathi/vendor/laravel/framework/src/Illuminate/Foundation/Http/Middleware/ValidatePostSize.php(27): Illuminate/Pipeline/Pipeline->Illuminate/Pipeline/{closure}(Object(Illuminate/Http/Request))
#42 C:/xampp/htdocs/kreditsathi/vendor/laravel/framework/src/Illuminate/Pipeline/Pipeline.php(183): Illuminate/Foundation/Http/Middleware/ValidatePostSize->handle(Object(Illuminate/Http/Request), Object(Closure))
#43 C:/xampp/htdocs/kreditsathi/vendor/laravel/framework/src/Illuminate/Foundation/Http/Middleware/PreventRequestsDuringMaintenance.php(99): Illuminate/Pipeline/Pipeline->Illuminate/Pipeline/{closure}(Object(Illuminate/Http/Request))
#44 C:/xampp/htdocs/kreditsathi/vendor/laravel/framework/src/Illuminate/Pipeline/Pipeline.php(183): Illuminate/Foundation/Http/Middleware/PreventRequestsDuringMaintenance->handle(Object(Illuminate/Http/Request), Object(Closure))
#45 C:/xampp/htdocs/kreditsathi/vendor/laravel/framework/src/Illuminate/Http/Middleware/HandleCors.php(49): Illuminate/Pipeline/Pipeline->Illuminate/Pipeline/{closure}(Object(Illuminate/Http/Request))
#46 C:/xampp/htdocs/kreditsathi/vendor/laravel/framework/src/Illuminate/Pipeline/Pipeline.php(183): Illuminate/Http/Middleware/HandleCors->handle(Object(Illuminate/Http/Request), Object(Closure))
#47 C:/xampp/htdocs/kreditsathi/vendor/laravel/framework/src/Illuminate/Http/Middleware/TrustProxies.php(39): Illuminate/Pipeline/Pipeline->Illuminate/Pipeline/{closure}(Object(Illuminate/Http/Request))
#48 C:/xampp/htdocs/kreditsathi/vendor/laravel/framework/src/Illuminate/Pipeline/Pipeline.php(183): Illuminate/Http/Middleware/TrustProxies->handle(Object(Illuminate/Http/Request), Object(Closure))
#49 C:/xampp/htdocs/kreditsathi/vendor/laravel/framework/src/Illuminate/Pipeline/Pipeline.php(119): Illuminate/Pipeline/Pipeline->Illuminate/Pipeline/{closure}(Object(Illuminate/Http/Request))
#50 C:/xampp/htdocs/kreditsathi/vendor/laravel/framework/src/Illuminate/Foundation/Http/Kernel.php(175): Illuminate/Pipeline/Pipeline->then(Object(Closure))
#51 C:/xampp/htdocs/kreditsathi/vendor/laravel/framework/src/Illuminate/Foundation/Http/Kernel.php(144): Illuminate/Foundation/Http/Kernel->sendRequestThroughRouter(Object(Illuminate/Http/Request))
#52 C:/xampp/htdocs/kreditsathi/index.php(51): Illuminate/Foundation/Http/Kernel->handle(Object(Illuminate/Http/Request))
#53 {main}
"} 
[2026-08-29 11:51:35] local.ERROR: Undefined variable $lists {"view":{"view":"C:\\xampp\\htdocs\\kreditsathi\\resources\\views\\selfApply\\main.blade.php","data":{"errors":"<pre class=sf-dump id=sf-dump-383281996 data-indent-pad=\"  \"><span class=sf-dump-note>Illuminate\\Support\\ViewErrorBag</span> {<a class=sf-dump-ref>#613</a><samp data-depth=1 class=sf-dump-expanded>
  #<span class=sf-dump-protected title=\"Protected property\">bags</span>: []
</samp>}
</pre><script>Sfdump(\"sf-dump-383281996\", {\"maxDepth\":3,\"maxStringLength\":160})</script>
","meta":"<pre class=sf-dump id=sf-dump-1168030440 data-indent-pad=\"  \"><span class=sf-dump-note>array:4</span> [<samp data-depth=1 class=sf-dump-expanded>
  \"<span class=sf-dump-key>keywords</span>\" => \"<span class=sf-dump-str title=\"159 characters\">apply for a personal loan online, easy loan application process, fast personal loan approval, Kreditsathi online loan application, hassle-free loan application</span>\"
  \"<span class=sf-dump-key>title</span>\" => \"<span class=sf-dump-str title=\"68 characters\">Apply for a Personal Loan Online - Fast and Easy Application Process</span>\"
  \"<span class=sf-dump-key>description</span>\" => \"<span class=sf-dump-str title=\"149 characters\">Easily apply for a personal loan online through Kreditsathi`s quick and hassle-free application process with minimal documentation and fast approval.</span>\"
  \"<span class=sf-dump-key>robots</span>\" => \"<span class=sf-dump-str title=\"77 characters\">follow, index,  max-snippet:-1, max-video-preview:-1, max-image-preview:large</span>\"
</samp>]
</pre><script>Sfdump(\"sf-dump-1168030440\", {\"maxDepth\":3,\"maxStringLength\":160})</script>
"}},"exception":"[object] (Spatie\\LaravelIgnition\\Exceptions\\ViewException(code: 0): Undefined variable $lists at C:/xampp/htdocs/kreditsathi/resources/views/selfApply/main.blade.php:206)
[stacktrace]
#0 C:/xampp/htdocs/kreditsathi/vendor/laravel/framework/src/Illuminate/Filesystem/Filesystem.php(123): require('C://xampp//htdocs...')
#1 C:/xampp/htdocs/kreditsathi/vendor/laravel/framework/src/Illuminate/Filesystem/Filesystem.php(124): Illuminate/Filesystem/Filesystem::Illuminate/Filesystem/{closure}()
#2 C:/xampp/htdocs/kreditsathi/vendor/laravel/framework/src/Illuminate/View/Engines/PhpEngine.php(58): Illuminate/Filesystem/Filesystem->getRequire('C://xampp//htdocs...', Array)
#3 C:/xampp/htdocs/kreditsathi/vendor/laravel/framework/src/Illuminate/View/Engines/CompilerEngine.php(72): Illuminate/View/Engines/PhpEngine->evaluatePath('C://xampp//htdocs...', Array)
#4 C:/xampp/htdocs/kreditsathi/vendor/laravel/framework/src/Illuminate/View/View.php(207): Illuminate/View/Engines/CompilerEngine->get('C://xampp//htdocs...', Array)
#5 C:/xampp/htdocs/kreditsathi/vendor/laravel/framework/src/Illuminate/View/View.php(190): Illuminate/View/View->getContents()
#6 C:/xampp/htdocs/kreditsathi/vendor/laravel/framework/src/Illuminate/View/View.php(159): Illuminate/View/View->renderContents()
#7 C:/xampp/htdocs/kreditsathi/vendor/laravel/framework/src/Illuminate/Http/Response.php(69): Illuminate/View/View->render()
#8 C:/xampp/htdocs/kreditsathi/vendor/laravel/framework/src/Illuminate/Http/Response.php(35): Illuminate/Http/Response->setContent(Object(Illuminate/View/View))
#9 C:/xampp/htdocs/kreditsathi/vendor/laravel/framework/src/Illuminate/Routing/Router.php(918): Illuminate/Http/Response->__construct(Object(Illuminate/View/View), 200, Array)
#10 C:/xampp/htdocs/kreditsathi/vendor/laravel/framework/src/Illuminate/Routing/Router.php(885): Illuminate/Routing/Router::toResponse(Object(Illuminate/Http/Request), Object(Illuminate/View/View))
#11 C:/xampp/htdocs/kreditsathi/vendor/laravel/framework/src/Illuminate/Routing/Router.php(805): Illuminate/Routing/Router->prepareResponse(Object(Illuminate/Http/Request), Object(Illuminate/View/View))
#12 C:/xampp/htdocs/kreditsathi/vendor/laravel/framework/src/Illuminate/Pipeline/Pipeline.php(144): Illuminate/Routing/Router->Illuminate/Routing/{closure}(Object(Illuminate/Http/Request))
#13 C:/xampp/htdocs/kreditsathi/vendor/laravel/framework/src/Illuminate/Routing/Middleware/SubstituteBindings.php(50): Illuminate/Pipeline/Pipeline->Illuminate/Pipeline/{closure}(Object(Illuminate/Http/Request))
#14 C:/xampp/htdocs/kreditsathi/vendor/laravel/framework/src/Illuminate/Pipeline/Pipeline.php(183): Illuminate/Routing/Middleware/SubstituteBindings->handle(Object(Illuminate/Http/Request), Object(Closure))
#15 C:/xampp/htdocs/kreditsathi/vendor/laravel/framework/src/Illuminate/Foundation/Http/Middleware/VerifyCsrfToken.php(78): Illuminate/Pipeline/Pipeline->Illuminate/Pipeline/{closure}(Object(Illuminate/Http/Request))
#16 C:/xampp/htdocs/kreditsathi/vendor/laravel/framework/src/Illuminate/Pipeline/Pipeline.php(183): Illuminate/Foundation/Http/Middleware/VerifyCsrfToken->handle(Object(Illuminate/Http/Request), Object(Closure))
#17 C:/xampp/htdocs/kreditsathi/vendor/laravel/framework/src/Illuminate/View/Middleware/ShareErrorsFromSession.php(49): Illuminate/Pipeline/Pipeline->Illuminate/Pipeline/{closure}(Object(Illuminate/Http/Request))
#18 C:/xampp/htdocs/kreditsathi/vendor/laravel/framework/src/Illuminate/Pipeline/Pipeline.php(183): Illuminate/View/Middleware/ShareErrorsFromSession->handle(Object(Illuminate/Http/Request), Object(Closure))
#19 C:/xampp/htdocs/kreditsathi/vendor/laravel/framework/src/Illuminate/Session/Middleware/StartSession.php(121): Illuminate/Pipeline/Pipeline->Illuminate/Pipeline/{closure}(Object(Illuminate/Http/Request))
#20 C:/xampp/htdocs/kreditsathi/vendor/laravel/framework/src/Illuminate/Session/Middleware/StartSession.php(64): Illuminate/Session/Middleware/StartSession->handleStatefulRequest(Object(Illuminate/Http/Request), Object(Illuminate/Session/Store), Object(Closure))
#21 C:/xampp/htdocs/kreditsathi/vendor/laravel/framework/src/Illuminate/Pipeline/Pipeline.php(183): Illuminate/Session/Middleware/StartSession->handle(Object(Illuminate/Http/Request), Object(Closure))
#22 C:/xampp/htdocs/kreditsathi/vendor/laravel/framework/src/Illuminate/Cookie/Middleware/AddQueuedCookiesToResponse.php(37): Illuminate/Pipeline/Pipeline->Illuminate/Pipeline/{closure}(Object(Illuminate/Http/Request))
#23 C:/xampp/htdocs/kreditsathi/vendor/laravel/framework/src/Illuminate/Pipeline/Pipeline.php(183): Illuminate/Cookie/Middleware/AddQueuedCookiesToResponse->handle(Object(Illuminate/Http/Request), Object(Closure))
#24 C:/xampp/htdocs/kreditsathi/vendor/laravel/framework/src/Illuminate/Cookie/Middleware/EncryptCookies.php(67): Illuminate/Pipeline/Pipeline->Illuminate/Pipeline/{closure}(Object(Illuminate/Http/Request))
#25 C:/xampp/htdocs/kreditsathi/vendor/laravel/framework/src/Illuminate/Pipeline/Pipeline.php(183): Illuminate/Cookie/Middleware/EncryptCookies->handle(Object(Illuminate/Http/Request), Object(Closure))
#26 C:/xampp/htdocs/kreditsathi/vendor/laravel/framework/src/Illuminate/Pipeline/Pipeline.php(119): Illuminate/Pipeline/Pipeline->Illuminate/Pipeline/{closure}(Object(Illuminate/Http/Request))
#27 C:/xampp/htdocs/kreditsathi/vendor/laravel/framework/src/Illuminate/Routing/Router.php(805): Illuminate/Pipeline/Pipeline->then(Object(Closure))
#28 C:/xampp/htdocs/kreditsathi/vendor/laravel/framework/src/Illuminate/Routing/Router.php(784): Illuminate/Routing/Router->runRouteWithinStack(Object(Illuminate/Routing/Route), Object(Illuminate/Http/Request))
#29 C:/xampp/htdocs/kreditsathi/vendor/laravel/framework/src/Illuminate/Routing/Router.php(748): Illuminate/Routing/Router->runRoute(Object(Illuminate/Http/Request), Object(Illuminate/Routing/Route))
#30 C:/xampp/htdocs/kreditsathi/vendor/laravel/framework/src/Illuminate/Routing/Router.php(737): Illuminate/Routing/Router->dispatchToRoute(Object(Illuminate/Http/Request))
#31 C:/xampp/htdocs/kreditsathi/vendor/laravel/framework/src/Illuminate/Foundation/Http/Kernel.php(200): Illuminate/Routing/Router->dispatch(Object(Illuminate/Http/Request))
#32 C:/xampp/htdocs/kreditsathi/vendor/laravel/framework/src/Illuminate/Pipeline/Pipeline.php(144): Illuminate/Foundation/Http/Kernel->Illuminate/Foundation/Http/{closure}(Object(Illuminate/Http/Request))
#33 C:/xampp/htdocs/kreditsathi/vendor/laravel/framework/src/Illuminate/Foundation/Http/Middleware/TransformsRequest.php(21): Illuminate/Pipeline/Pipeline->Illuminate/Pipeline/{closure}(Object(Illuminate/Http/Request))
#34 C:/xampp/htdocs/kreditsathi/vendor/laravel/framework/src/Illuminate/Foundation/Http/Middleware/ConvertEmptyStringsToNull.php(31): Illuminate/Foundation/Http/Middleware/TransformsRequest->handle(Object(Illuminate/Http/Request), Object(Closure))
#35 C:/xampp/htdocs/kreditsathi/vendor/laravel/framework/src/Illuminate/Pipeline/Pipeline.php(183): Illuminate/Foundation/Http/Middleware/ConvertEmptyStringsToNull->handle(Object(Illuminate/Http/Request), Object(Closure))
#36 C:/xampp/htdocs/kreditsathi/vendor/laravel/framework/src/Illuminate/Foundation/Http/Middleware/TransformsRequest.php(21): Illuminate/Pipeline/Pipeline->Illuminate/Pipeline/{closure}(Object(Illuminate/Http/Request))
#37 C:/xampp/htdocs/kreditsathi/vendor/laravel/framework/src/Illuminate/Foundation/Http/Middleware/TrimStrings.php(40): Illuminate/Foundation/Http/Middleware/TransformsRequest->handle(Object(Illuminate/Http/Request), Object(Closure))
#38 C:/xampp/htdocs/kreditsathi/vendor/laravel/framework/src/Illuminate/Pipeline/Pipeline.php(183): Illuminate/Foundation/Http/Middleware/TrimStrings->handle(Object(Illuminate/Http/Request), Object(Closure))
#39 C:/xampp/htdocs/kreditsathi/vendor/laravel/framework/src/Illuminate/Foundation/Http/Middleware/ValidatePostSize.php(27): Illuminate/Pipeline/Pipeline->Illuminate/Pipeline/{closure}(Object(Illuminate/Http/Request))
#40 C:/xampp/htdocs/kreditsathi/vendor/laravel/framework/src/Illuminate/Pipeline/Pipeline.php(183): Illuminate/Foundation/Http/Middleware/ValidatePostSize->handle(Object(Illuminate/Http/Request), Object(Closure))
#41 C:/xampp/htdocs/kreditsathi/vendor/laravel/framework/src/Illuminate/Foundation/Http/Middleware/PreventRequestsDuringMaintenance.php(99): Illuminate/Pipeline/Pipeline->Illuminate/Pipeline/{closure}(Object(Illuminate/Http/Request))
#42 C:/xampp/htdocs/kreditsathi/vendor/laravel/framework/src/Illuminate/Pipeline/Pipeline.php(183): Illuminate/Foundation/Http/Middleware/PreventRequestsDuringMaintenance->handle(Object(Illuminate/Http/Request), Object(Closure))
#43 C:/xampp/htdocs/kreditsathi/vendor/laravel/framework/src/Illuminate/Http/Middleware/HandleCors.php(49): Illuminate/Pipeline/Pipeline->Illuminate/Pipeline/{closure}(Object(Illuminate/Http/Request))
#44 C:/xampp/htdocs/kreditsathi/vendor/laravel/framework/src/Illuminate/Pipeline/Pipeline.php(183): Illuminate/Http/Middleware/HandleCors->handle(Object(Illuminate/Http/Request), Object(Closure))
#45 C:/xampp/htdocs/kreditsathi/vendor/laravel/framework/src/Illuminate/Http/Middleware/TrustProxies.php(39): Illuminate/Pipeline/Pipeline->Illuminate/Pipeline/{closure}(Object(Illuminate/Http/Request))
#46 C:/xampp/htdocs/kreditsathi/vendor/laravel/framework/src/Illuminate/Pipeline/Pipeline.php(183): Illuminate/Http/Middleware/TrustProxies->handle(Object(Illuminate/Http/Request), Object(Closure))
#47 C:/xampp/htdocs/kreditsathi/vendor/laravel/framework/src/Illuminate/Pipeline/Pipeline.php(119): Illuminate/Pipeline/Pipeline->Illuminate/Pipeline/{closure}(Object(Illuminate/Http/Request))
#48 C:/xampp/htdocs/kreditsathi/vendor/laravel/framework/src/Illuminate/Foundation/Http/Kernel.php(175): Illuminate/Pipeline/Pipeline->then(Object(Closure))
#49 C:/xampp/htdocs/kreditsathi/vendor/laravel/framework/src/Illuminate/Foundation/Http/Kernel.php(144): Illuminate/Foundation/Http/Kernel->sendRequestThroughRouter(Object(Illuminate/Http/Request))
#50 C:/xampp/htdocs/kreditsathi/index.php(51): Illuminate/Foundation/Http/Kernel->handle(Object(Illuminate/Http/Request))
#51 {main}

[previous exception] [object] (ErrorException(code: 0): Undefined variable $lists at C:/xampp/htdocs/kreditsathi/storage/framework/views/171a4cfc915d388c12f34ecdde7f5a8c.php:206)
[stacktrace]
#0 C:/xampp/htdocs/kreditsathi/vendor/laravel/framework/src/Illuminate/Foundation/Bootstrap/HandleExceptions.php(255): Illuminate/Foundation/Bootstrap/HandleExceptions->handleError(2, 'Undefined varia...', 'C://xampp//htdocs...', 206)
#1 C:/xampp/htdocs/kreditsathi/storage/framework/views/171a4cfc915d388c12f34ecdde7f5a8c.php(206): Illuminate/Foundation/Bootstrap/HandleExceptions->Illuminate/Foundation/Bootstrap/{closure}(2, 'Undefined varia...', 'C://xampp//htdocs...', 206)
#2 C:/xampp/htdocs/kreditsathi/vendor/laravel/framework/src/Illuminate/Filesystem/Filesystem.php(123): require('C://xampp//htdocs...')
#3 C:/xampp/htdocs/kreditsathi/vendor/laravel/framework/src/Illuminate/Filesystem/Filesystem.php(124): Illuminate/Filesystem/Filesystem::Illuminate/Filesystem/{closure}()
#4 C:/xampp/htdocs/kreditsathi/vendor/laravel/framework/src/Illuminate/View/Engines/PhpEngine.php(58): Illuminate/Filesystem/Filesystem->getRequire('C://xampp//htdocs...', Array)
#5 C:/xampp/htdocs/kreditsathi/vendor/laravel/framework/src/Illuminate/View/Engines/CompilerEngine.php(72): Illuminate/View/Engines/PhpEngine->evaluatePath('C://xampp//htdocs...', Array)
#6 C:/xampp/htdocs/kreditsathi/vendor/laravel/framework/src/Illuminate/View/View.php(207): Illuminate/View/Engines/CompilerEngine->get('C://xampp//htdocs...', Array)
#7 C:/xampp/htdocs/kreditsathi/vendor/laravel/framework/src/Illuminate/View/View.php(190): Illuminate/View/View->getContents()
#8 C:/xampp/htdocs/kreditsathi/vendor/laravel/framework/src/Illuminate/View/View.php(159): Illuminate/View/View->renderContents()
#9 C:/xampp/htdocs/kreditsathi/vendor/laravel/framework/src/Illuminate/Http/Response.php(69): Illuminate/View/View->render()
#10 C:/xampp/htdocs/kreditsathi/vendor/laravel/framework/src/Illuminate/Http/Response.php(35): Illuminate/Http/Response->setContent(Object(Illuminate/View/View))
#11 C:/xampp/htdocs/kreditsathi/vendor/laravel/framework/src/Illuminate/Routing/Router.php(918): Illuminate/Http/Response->__construct(Object(Illuminate/View/View), 200, Array)
#12 C:/xampp/htdocs/kreditsathi/vendor/laravel/framework/src/Illuminate/Routing/Router.php(885): Illuminate/Routing/Router::toResponse(Object(Illuminate/Http/Request), Object(Illuminate/View/View))
#13 C:/xampp/htdocs/kreditsathi/vendor/laravel/framework/src/Illuminate/Routing/Router.php(805): Illuminate/Routing/Router->prepareResponse(Object(Illuminate/Http/Request), Object(Illuminate/View/View))
#14 C:/xampp/htdocs/kreditsathi/vendor/laravel/framework/src/Illuminate/Pipeline/Pipeline.php(144): Illuminate/Routing/Router->Illuminate/Routing/{closure}(Object(Illuminate/Http/Request))
#15 C:/xampp/htdocs/kreditsathi/vendor/laravel/framework/src/Illuminate/Routing/Middleware/SubstituteBindings.php(50): Illuminate/Pipeline/Pipeline->Illuminate/Pipeline/{closure}(Object(Illuminate/Http/Request))
#16 C:/xampp/htdocs/kreditsathi/vendor/laravel/framework/src/Illuminate/Pipeline/Pipeline.php(183): Illuminate/Routing/Middleware/SubstituteBindings->handle(Object(Illuminate/Http/Request), Object(Closure))
#17 C:/xampp/htdocs/kreditsathi/vendor/laravel/framework/src/Illuminate/Foundation/Http/Middleware/VerifyCsrfToken.php(78): Illuminate/Pipeline/Pipeline->Illuminate/Pipeline/{closure}(Object(Illuminate/Http/Request))
#18 C:/xampp/htdocs/kreditsathi/vendor/laravel/framework/src/Illuminate/Pipeline/Pipeline.php(183): Illuminate/Foundation/Http/Middleware/VerifyCsrfToken->handle(Object(Illuminate/Http/Request), Object(Closure))
#19 C:/xampp/htdocs/kreditsathi/vendor/laravel/framework/src/Illuminate/View/Middleware/ShareErrorsFromSession.php(49): Illuminate/Pipeline/Pipeline->Illuminate/Pipeline/{closure}(Object(Illuminate/Http/Request))
#20 C:/xampp/htdocs/kreditsathi/vendor/laravel/framework/src/Illuminate/Pipeline/Pipeline.php(183): Illuminate/View/Middleware/ShareErrorsFromSession->handle(Object(Illuminate/Http/Request), Object(Closure))
#21 C:/xampp/htdocs/kreditsathi/vendor/laravel/framework/src/Illuminate/Session/Middleware/StartSession.php(121): Illuminate/Pipeline/Pipeline->Illuminate/Pipeline/{closure}(Object(Illuminate/Http/Request))
#22 C:/xampp/htdocs/kreditsathi/vendor/laravel/framework/src/Illuminate/Session/Middleware/StartSession.php(64): Illuminate/Session/Middleware/StartSession->handleStatefulRequest(Object(Illuminate/Http/Request), Object(Illuminate/Session/Store), Object(Closure))
#23 C:/xampp/htdocs/kreditsathi/vendor/laravel/framework/src/Illuminate/Pipeline/Pipeline.php(183): Illuminate/Session/Middleware/StartSession->handle(Object(Illuminate/Http/Request), Object(Closure))
#24 C:/xampp/htdocs/kreditsathi/vendor/laravel/framework/src/Illuminate/Cookie/Middleware/AddQueuedCookiesToResponse.php(37): Illuminate/Pipeline/Pipeline->Illuminate/Pipeline/{closure}(Object(Illuminate/Http/Request))
#25 C:/xampp/htdocs/kreditsathi/vendor/laravel/framework/src/Illuminate/Pipeline/Pipeline.php(183): Illuminate/Cookie/Middleware/AddQueuedCookiesToResponse->handle(Object(Illuminate/Http/Request), Object(Closure))
#26 C:/xampp/htdocs/kreditsathi/vendor/laravel/framework/src/Illuminate/Cookie/Middleware/EncryptCookies.php(67): Illuminate/Pipeline/Pipeline->Illuminate/Pipeline/{closure}(Object(Illuminate/Http/Request))
#27 C:/xampp/htdocs/kreditsathi/vendor/laravel/framework/src/Illuminate/Pipeline/Pipeline.php(183): Illuminate/Cookie/Middleware/EncryptCookies->handle(Object(Illuminate/Http/Request), Object(Closure))
#28 C:/xampp/htdocs/kreditsathi/vendor/laravel/framework/src/Illuminate/Pipeline/Pipeline.php(119): Illuminate/Pipeline/Pipeline->Illuminate/Pipeline/{closure}(Object(Illuminate/Http/Request))
#29 C:/xampp/htdocs/kreditsathi/vendor/laravel/framework/src/Illuminate/Routing/Router.php(805): Illuminate/Pipeline/Pipeline->then(Object(Closure))
#30 C:/xampp/htdocs/kreditsathi/vendor/laravel/framework/src/Illuminate/Routing/Router.php(784): Illuminate/Routing/Router->runRouteWithinStack(Object(Illuminate/Routing/Route), Object(Illuminate/Http/Request))
#31 C:/xampp/htdocs/kreditsathi/vendor/laravel/framework/src/Illuminate/Routing/Router.php(748): Illuminate/Routing/Router->runRoute(Object(Illuminate/Http/Request), Object(Illuminate/Routing/Route))
#32 C:/xampp/htdocs/kreditsathi/vendor/laravel/framework/src/Illuminate/Routing/Router.php(737): Illuminate/Routing/Router->dispatchToRoute(Object(Illuminate/Http/Request))
#33 C:/xampp/htdocs/kreditsathi/vendor/laravel/framework/src/Illuminate/Foundation/Http/Kernel.php(200): Illuminate/Routing/Router->dispatch(Object(Illuminate/Http/Request))
#34 C:/xampp/htdocs/kreditsathi/vendor/laravel/framework/src/Illuminate/Pipeline/Pipeline.php(144): Illuminate/Foundation/Http/Kernel->Illuminate/Foundation/Http/{closure}(Object(Illuminate/Http/Request))
#35 C:/xampp/htdocs/kreditsathi/vendor/laravel/framework/src/Illuminate/Foundation/Http/Middleware/TransformsRequest.php(21): Illuminate/Pipeline/Pipeline->Illuminate/Pipeline/{closure}(Object(Illuminate/Http/Request))
#36 C:/xampp/htdocs/kreditsathi/vendor/laravel/framework/src/Illuminate/Foundation/Http/Middleware/ConvertEmptyStringsToNull.php(31): Illuminate/Foundation/Http/Middleware/TransformsRequest->handle(Object(Illuminate/Http/Request), Object(Closure))
#37 C:/xampp/htdocs/kreditsathi/vendor/laravel/framework/src/Illuminate/Pipeline/Pipeline.php(183): Illuminate/Foundation/Http/Middleware/ConvertEmptyStringsToNull->handle(Object(Illuminate/Http/Request), Object(Closure))
#38 C:/xampp/htdocs/kreditsathi/vendor/laravel/framework/src/Illuminate/Foundation/Http/Middleware/TransformsRequest.php(21): Illuminate/Pipeline/Pipeline->Illuminate/Pipeline/{closure}(Object(Illuminate/Http/Request))
#39 C:/xampp/htdocs/kreditsathi/vendor/laravel/framework/src/Illuminate/Foundation/Http/Middleware/TrimStrings.php(40): Illuminate/Foundation/Http/Middleware/TransformsRequest->handle(Object(Illuminate/Http/Request), Object(Closure))
#40 C:/xampp/htdocs/kreditsathi/vendor/laravel/framework/src/Illuminate/Pipeline/Pipeline.php(183): Illuminate/Foundation/Http/Middleware/TrimStrings->handle(Object(Illuminate/Http/Request), Object(Closure))
#41 C:/xampp/htdocs/kreditsathi/vendor/laravel/framework/src/Illuminate/Foundation/Http/Middleware/ValidatePostSize.php(27): Illuminate/Pipeline/Pipeline->Illuminate/Pipeline/{closure}(Object(Illuminate/Http/Request))
#42 C:/xampp/htdocs/kreditsathi/vendor/laravel/framework/src/Illuminate/Pipeline/Pipeline.php(183): Illuminate/Foundation/Http/Middleware/ValidatePostSize->handle(Object(Illuminate/Http/Request), Object(Closure))
#43 C:/xampp/htdocs/kreditsathi/vendor/laravel/framework/src/Illuminate/Foundation/Http/Middleware/PreventRequestsDuringMaintenance.php(99): Illuminate/Pipeline/Pipeline->Illuminate/Pipeline/{closure}(Object(Illuminate/Http/Request))
#44 C:/xampp/htdocs/kreditsathi/vendor/laravel/framework/src/Illuminate/Pipeline/Pipeline.php(183): Illuminate/Foundation/Http/Middleware/PreventRequestsDuringMaintenance->handle(Object(Illuminate/Http/Request), Object(Closure))
#45 C:/xampp/htdocs/kreditsathi/vendor/laravel/framework/src/Illuminate/Http/Middleware/HandleCors.php(49): Illuminate/Pipeline/Pipeline->Illuminate/Pipeline/{closure}(Object(Illuminate/Http/Request))
#46 C:/xampp/htdocs/kreditsathi/vendor/laravel/framework/src/Illuminate/Pipeline/Pipeline.php(183): Illuminate/Http/Middleware/HandleCors->handle(Object(Illuminate/Http/Request), Object(Closure))
#47 C:/xampp/htdocs/kreditsathi/vendor/laravel/framework/src/Illuminate/Http/Middleware/TrustProxies.php(39): Illuminate/Pipeline/Pipeline->Illuminate/Pipeline/{closure}(Object(Illuminate/Http/Request))
#48 C:/xampp/htdocs/kreditsathi/vendor/laravel/framework/src/Illuminate/Pipeline/Pipeline.php(183): Illuminate/Http/Middleware/TrustProxies->handle(Object(Illuminate/Http/Request), Object(Closure))
#49 C:/xampp/htdocs/kreditsathi/vendor/laravel/framework/src/Illuminate/Pipeline/Pipeline.php(119): Illuminate/Pipeline/Pipeline->Illuminate/Pipeline/{closure}(Object(Illuminate/Http/Request))
#50 C:/xampp/htdocs/kreditsathi/vendor/laravel/framework/src/Illuminate/Foundation/Http/Kernel.php(175): Illuminate/Pipeline/Pipeline->then(Object(Closure))
#51 C:/xampp/htdocs/kreditsathi/vendor/laravel/framework/src/Illuminate/Foundation/Http/Kernel.php(144): Illuminate/Foundation/Http/Kernel->sendRequestThroughRouter(Object(Illuminate/Http/Request))
#52 C:/xampp/htdocs/kreditsathi/index.php(51): Illuminate/Foundation/Http/Kernel->handle(Object(Illuminate/Http/Request))
#53 {main}
"} 
[2026-08-29 11:51:46] local.ERROR: Undefined variable $lists {"view":{"view":"C:\\xampp\\htdocs\\kreditsathi\\resources\\views\\selfApply\\main.blade.php","data":{"errors":"<pre class=sf-dump id=sf-dump-1076928739 data-indent-pad=\"  \"><span class=sf-dump-note>Illuminate\\Support\\ViewErrorBag</span> {<a class=sf-dump-ref>#613</a><samp data-depth=1 class=sf-dump-expanded>
  #<span class=sf-dump-protected title=\"Protected property\">bags</span>: []
</samp>}
</pre><script>Sfdump(\"sf-dump-1076928739\", {\"maxDepth\":3,\"maxStringLength\":160})</script>
","meta":"<pre class=sf-dump id=sf-dump-2011551604 data-indent-pad=\"  \"><span class=sf-dump-note>array:4</span> [<samp data-depth=1 class=sf-dump-expanded>
  \"<span class=sf-dump-key>keywords</span>\" => \"<span class=sf-dump-str title=\"159 characters\">apply for a personal loan online, easy loan application process, fast personal loan approval, Kreditsathi online loan application, hassle-free loan application</span>\"
  \"<span class=sf-dump-key>title</span>\" => \"<span class=sf-dump-str title=\"68 characters\">Apply for a Personal Loan Online - Fast and Easy Application Process</span>\"
  \"<span class=sf-dump-key>description</span>\" => \"<span class=sf-dump-str title=\"149 characters\">Easily apply for a personal loan online through Kreditsathi`s quick and hassle-free application process with minimal documentation and fast approval.</span>\"
  \"<span class=sf-dump-key>robots</span>\" => \"<span class=sf-dump-str title=\"77 characters\">follow, index,  max-snippet:-1, max-video-preview:-1, max-image-preview:large</span>\"
</samp>]
</pre><script>Sfdump(\"sf-dump-2011551604\", {\"maxDepth\":3,\"maxStringLength\":160})</script>
"}},"exception":"[object] (Spatie\\LaravelIgnition\\Exceptions\\ViewException(code: 0): Undefined variable $lists at C:/xampp/htdocs/kreditsathi/resources/views/selfApply/main.blade.php:206)
[stacktrace]
#0 C:/xampp/htdocs/kreditsathi/vendor/laravel/framework/src/Illuminate/Filesystem/Filesystem.php(123): require('C://xampp//htdocs...')
#1 C:/xampp/htdocs/kreditsathi/vendor/laravel/framework/src/Illuminate/Filesystem/Filesystem.php(124): Illuminate/Filesystem/Filesystem::Illuminate/Filesystem/{closure}()
#2 C:/xampp/htdocs/kreditsathi/vendor/laravel/framework/src/Illuminate/View/Engines/PhpEngine.php(58): Illuminate/Filesystem/Filesystem->getRequire('C://xampp//htdocs...', Array)
#3 C:/xampp/htdocs/kreditsathi/vendor/laravel/framework/src/Illuminate/View/Engines/CompilerEngine.php(72): Illuminate/View/Engines/PhpEngine->evaluatePath('C://xampp//htdocs...', Array)
#4 C:/xampp/htdocs/kreditsathi/vendor/laravel/framework/src/Illuminate/View/View.php(207): Illuminate/View/Engines/CompilerEngine->get('C://xampp//htdocs...', Array)
#5 C:/xampp/htdocs/kreditsathi/vendor/laravel/framework/src/Illuminate/View/View.php(190): Illuminate/View/View->getContents()
#6 C:/xampp/htdocs/kreditsathi/vendor/laravel/framework/src/Illuminate/View/View.php(159): Illuminate/View/View->renderContents()
#7 C:/xampp/htdocs/kreditsathi/vendor/laravel/framework/src/Illuminate/Http/Response.php(69): Illuminate/View/View->render()
#8 C:/xampp/htdocs/kreditsathi/vendor/laravel/framework/src/Illuminate/Http/Response.php(35): Illuminate/Http/Response->setContent(Object(Illuminate/View/View))
#9 C:/xampp/htdocs/kreditsathi/vendor/laravel/framework/src/Illuminate/Routing/Router.php(918): Illuminate/Http/Response->__construct(Object(Illuminate/View/View), 200, Array)
#10 C:/xampp/htdocs/kreditsathi/vendor/laravel/framework/src/Illuminate/Routing/Router.php(885): Illuminate/Routing/Router::toResponse(Object(Illuminate/Http/Request), Object(Illuminate/View/View))
#11 C:/xampp/htdocs/kreditsathi/vendor/laravel/framework/src/Illuminate/Routing/Router.php(805): Illuminate/Routing/Router->prepareResponse(Object(Illuminate/Http/Request), Object(Illuminate/View/View))
#12 C:/xampp/htdocs/kreditsathi/vendor/laravel/framework/src/Illuminate/Pipeline/Pipeline.php(144): Illuminate/Routing/Router->Illuminate/Routing/{closure}(Object(Illuminate/Http/Request))
#13 C:/xampp/htdocs/kreditsathi/vendor/laravel/framework/src/Illuminate/Routing/Middleware/SubstituteBindings.php(50): Illuminate/Pipeline/Pipeline->Illuminate/Pipeline/{closure}(Object(Illuminate/Http/Request))
#14 C:/xampp/htdocs/kreditsathi/vendor/laravel/framework/src/Illuminate/Pipeline/Pipeline.php(183): Illuminate/Routing/Middleware/SubstituteBindings->handle(Object(Illuminate/Http/Request), Object(Closure))
#15 C:/xampp/htdocs/kreditsathi/vendor/laravel/framework/src/Illuminate/Foundation/Http/Middleware/VerifyCsrfToken.php(78): Illuminate/Pipeline/Pipeline->Illuminate/Pipeline/{closure}(Object(Illuminate/Http/Request))
#16 C:/xampp/htdocs/kreditsathi/vendor/laravel/framework/src/Illuminate/Pipeline/Pipeline.php(183): Illuminate/Foundation/Http/Middleware/VerifyCsrfToken->handle(Object(Illuminate/Http/Request), Object(Closure))
#17 C:/xampp/htdocs/kreditsathi/vendor/laravel/framework/src/Illuminate/View/Middleware/ShareErrorsFromSession.php(49): Illuminate/Pipeline/Pipeline->Illuminate/Pipeline/{closure}(Object(Illuminate/Http/Request))
#18 C:/xampp/htdocs/kreditsathi/vendor/laravel/framework/src/Illuminate/Pipeline/Pipeline.php(183): Illuminate/View/Middleware/ShareErrorsFromSession->handle(Object(Illuminate/Http/Request), Object(Closure))
#19 C:/xampp/htdocs/kreditsathi/vendor/laravel/framework/src/Illuminate/Session/Middleware/StartSession.php(121): Illuminate/Pipeline/Pipeline->Illuminate/Pipeline/{closure}(Object(Illuminate/Http/Request))
#20 C:/xampp/htdocs/kreditsathi/vendor/laravel/framework/src/Illuminate/Session/Middleware/StartSession.php(64): Illuminate/Session/Middleware/StartSession->handleStatefulRequest(Object(Illuminate/Http/Request), Object(Illuminate/Session/Store), Object(Closure))
#21 C:/xampp/htdocs/kreditsathi/vendor/laravel/framework/src/Illuminate/Pipeline/Pipeline.php(183): Illuminate/Session/Middleware/StartSession->handle(Object(Illuminate/Http/Request), Object(Closure))
#22 C:/xampp/htdocs/kreditsathi/vendor/laravel/framework/src/Illuminate/Cookie/Middleware/AddQueuedCookiesToResponse.php(37): Illuminate/Pipeline/Pipeline->Illuminate/Pipeline/{closure}(Object(Illuminate/Http/Request))
#23 C:/xampp/htdocs/kreditsathi/vendor/laravel/framework/src/Illuminate/Pipeline/Pipeline.php(183): Illuminate/Cookie/Middleware/AddQueuedCookiesToResponse->handle(Object(Illuminate/Http/Request), Object(Closure))
#24 C:/xampp/htdocs/kreditsathi/vendor/laravel/framework/src/Illuminate/Cookie/Middleware/EncryptCookies.php(67): Illuminate/Pipeline/Pipeline->Illuminate/Pipeline/{closure}(Object(Illuminate/Http/Request))
#25 C:/xampp/htdocs/kreditsathi/vendor/laravel/framework/src/Illuminate/Pipeline/Pipeline.php(183): Illuminate/Cookie/Middleware/EncryptCookies->handle(Object(Illuminate/Http/Request), Object(Closure))
#26 C:/xampp/htdocs/kreditsathi/vendor/laravel/framework/src/Illuminate/Pipeline/Pipeline.php(119): Illuminate/Pipeline/Pipeline->Illuminate/Pipeline/{closure}(Object(Illuminate/Http/Request))
#27 C:/xampp/htdocs/kreditsathi/vendor/laravel/framework/src/Illuminate/Routing/Router.php(805): Illuminate/Pipeline/Pipeline->then(Object(Closure))
#28 C:/xampp/htdocs/kreditsathi/vendor/laravel/framework/src/Illuminate/Routing/Router.php(784): Illuminate/Routing/Router->runRouteWithinStack(Object(Illuminate/Routing/Route), Object(Illuminate/Http/Request))
#29 C:/xampp/htdocs/kreditsathi/vendor/laravel/framework/src/Illuminate/Routing/Router.php(748): Illuminate/Routing/Router->runRoute(Object(Illuminate/Http/Request), Object(Illuminate/Routing/Route))
#30 C:/xampp/htdocs/kreditsathi/vendor/laravel/framework/src/Illuminate/Routing/Router.php(737): Illuminate/Routing/Router->dispatchToRoute(Object(Illuminate/Http/Request))
#31 C:/xampp/htdocs/kreditsathi/vendor/laravel/framework/src/Illuminate/Foundation/Http/Kernel.php(200): Illuminate/Routing/Router->dispatch(Object(Illuminate/Http/Request))
#32 C:/xampp/htdocs/kreditsathi/vendor/laravel/framework/src/Illuminate/Pipeline/Pipeline.php(144): Illuminate/Foundation/Http/Kernel->Illuminate/Foundation/Http/{closure}(Object(Illuminate/Http/Request))
#33 C:/xampp/htdocs/kreditsathi/vendor/laravel/framework/src/Illuminate/Foundation/Http/Middleware/TransformsRequest.php(21): Illuminate/Pipeline/Pipeline->Illuminate/Pipeline/{closure}(Object(Illuminate/Http/Request))
#34 C:/xampp/htdocs/kreditsathi/vendor/laravel/framework/src/Illuminate/Foundation/Http/Middleware/ConvertEmptyStringsToNull.php(31): Illuminate/Foundation/Http/Middleware/TransformsRequest->handle(Object(Illuminate/Http/Request), Object(Closure))
#35 C:/xampp/htdocs/kreditsathi/vendor/laravel/framework/src/Illuminate/Pipeline/Pipeline.php(183): Illuminate/Foundation/Http/Middleware/ConvertEmptyStringsToNull->handle(Object(Illuminate/Http/Request), Object(Closure))
#36 C:/xampp/htdocs/kreditsathi/vendor/laravel/framework/src/Illuminate/Foundation/Http/Middleware/TransformsRequest.php(21): Illuminate/Pipeline/Pipeline->Illuminate/Pipeline/{closure}(Object(Illuminate/Http/Request))
#37 C:/xampp/htdocs/kreditsathi/vendor/laravel/framework/src/Illuminate/Foundation/Http/Middleware/TrimStrings.php(40): Illuminate/Foundation/Http/Middleware/TransformsRequest->handle(Object(Illuminate/Http/Request), Object(Closure))
#38 C:/xampp/htdocs/kreditsathi/vendor/laravel/framework/src/Illuminate/Pipeline/Pipeline.php(183): Illuminate/Foundation/Http/Middleware/TrimStrings->handle(Object(Illuminate/Http/Request), Object(Closure))
#39 C:/xampp/htdocs/kreditsathi/vendor/laravel/framework/src/Illuminate/Foundation/Http/Middleware/ValidatePostSize.php(27): Illuminate/Pipeline/Pipeline->Illuminate/Pipeline/{closure}(Object(Illuminate/Http/Request))
#40 C:/xampp/htdocs/kreditsathi/vendor/laravel/framework/src/Illuminate/Pipeline/Pipeline.php(183): Illuminate/Foundation/Http/Middleware/ValidatePostSize->handle(Object(Illuminate/Http/Request), Object(Closure))
#41 C:/xampp/htdocs/kreditsathi/vendor/laravel/framework/src/Illuminate/Foundation/Http/Middleware/PreventRequestsDuringMaintenance.php(99): Illuminate/Pipeline/Pipeline->Illuminate/Pipeline/{closure}(Object(Illuminate/Http/Request))
#42 C:/xampp/htdocs/kreditsathi/vendor/laravel/framework/src/Illuminate/Pipeline/Pipeline.php(183): Illuminate/Foundation/Http/Middleware/PreventRequestsDuringMaintenance->handle(Object(Illuminate/Http/Request), Object(Closure))
#43 C:/xampp/htdocs/kreditsathi/vendor/laravel/framework/src/Illuminate/Http/Middleware/HandleCors.php(49): Illuminate/Pipeline/Pipeline->Illuminate/Pipeline/{closure}(Object(Illuminate/Http/Request))
#44 C:/xampp/htdocs/kreditsathi/vendor/laravel/framework/src/Illuminate/Pipeline/Pipeline.php(183): Illuminate/Http/Middleware/HandleCors->handle(Object(Illuminate/Http/Request), Object(Closure))
#45 C:/xampp/htdocs/kreditsathi/vendor/laravel/framework/src/Illuminate/Http/Middleware/TrustProxies.php(39): Illuminate/Pipeline/Pipeline->Illuminate/Pipeline/{closure}(Object(Illuminate/Http/Request))
#46 C:/xampp/htdocs/kreditsathi/vendor/laravel/framework/src/Illuminate/Pipeline/Pipeline.php(183): Illuminate/Http/Middleware/TrustProxies->handle(Object(Illuminate/Http/Request), Object(Closure))
#47 C:/xampp/htdocs/kreditsathi/vendor/laravel/framework/src/Illuminate/Pipeline/Pipeline.php(119): Illuminate/Pipeline/Pipeline->Illuminate/Pipeline/{closure}(Object(Illuminate/Http/Request))
#48 C:/xampp/htdocs/kreditsathi/vendor/laravel/framework/src/Illuminate/Foundation/Http/Kernel.php(175): Illuminate/Pipeline/Pipeline->then(Object(Closure))
#49 C:/xampp/htdocs/kreditsathi/vendor/laravel/framework/src/Illuminate/Foundation/Http/Kernel.php(144): Illuminate/Foundation/Http/Kernel->sendRequestThroughRouter(Object(Illuminate/Http/Request))
#50 C:/xampp/htdocs/kreditsathi/index.php(51): Illuminate/Foundation/Http/Kernel->handle(Object(Illuminate/Http/Request))
#51 {main}

[previous exception] [object] (ErrorException(code: 0): Undefined variable $lists at C:/xampp/htdocs/kreditsathi/storage/framework/views/171a4cfc915d388c12f34ecdde7f5a8c.php:206)
[stacktrace]
#0 C:/xampp/htdocs/kreditsathi/vendor/laravel/framework/src/Illuminate/Foundation/Bootstrap/HandleExceptions.php(255): Illuminate/Foundation/Bootstrap/HandleExceptions->handleError(2, 'Undefined varia...', 'C://xampp//htdocs...', 206)
#1 C:/xampp/htdocs/kreditsathi/storage/framework/views/171a4cfc915d388c12f34ecdde7f5a8c.php(206): Illuminate/Foundation/Bootstrap/HandleExceptions->Illuminate/Foundation/Bootstrap/{closure}(2, 'Undefined varia...', 'C://xampp//htdocs...', 206)
#2 C:/xampp/htdocs/kreditsathi/vendor/laravel/framework/src/Illuminate/Filesystem/Filesystem.php(123): require('C://xampp//htdocs...')
#3 C:/xampp/htdocs/kreditsathi/vendor/laravel/framework/src/Illuminate/Filesystem/Filesystem.php(124): Illuminate/Filesystem/Filesystem::Illuminate/Filesystem/{closure}()
#4 C:/xampp/htdocs/kreditsathi/vendor/laravel/framework/src/Illuminate/View/Engines/PhpEngine.php(58): Illuminate/Filesystem/Filesystem->getRequire('C://xampp//htdocs...', Array)
#5 C:/xampp/htdocs/kreditsathi/vendor/laravel/framework/src/Illuminate/View/Engines/CompilerEngine.php(72): Illuminate/View/Engines/PhpEngine->evaluatePath('C://xampp//htdocs...', Array)
#6 C:/xampp/htdocs/kreditsathi/vendor/laravel/framework/src/Illuminate/View/View.php(207): Illuminate/View/Engines/CompilerEngine->get('C://xampp//htdocs...', Array)
#7 C:/xampp/htdocs/kreditsathi/vendor/laravel/framework/src/Illuminate/View/View.php(190): Illuminate/View/View->getContents()
#8 C:/xampp/htdocs/kreditsathi/vendor/laravel/framework/src/Illuminate/View/View.php(159): Illuminate/View/View->renderContents()
#9 C:/xampp/htdocs/kreditsathi/vendor/laravel/framework/src/Illuminate/Http/Response.php(69): Illuminate/View/View->render()
#10 C:/xampp/htdocs/kreditsathi/vendor/laravel/framework/src/Illuminate/Http/Response.php(35): Illuminate/Http/Response->setContent(Object(Illuminate/View/View))
#11 C:/xampp/htdocs/kreditsathi/vendor/laravel/framework/src/Illuminate/Routing/Router.php(918): Illuminate/Http/Response->__construct(Object(Illuminate/View/View), 200, Array)
#12 C:/xampp/htdocs/kreditsathi/vendor/laravel/framework/src/Illuminate/Routing/Router.php(885): Illuminate/Routing/Router::toResponse(Object(Illuminate/Http/Request), Object(Illuminate/View/View))
#13 C:/xampp/htdocs/kreditsathi/vendor/laravel/framework/src/Illuminate/Routing/Router.php(805): Illuminate/Routing/Router->prepareResponse(Object(Illuminate/Http/Request), Object(Illuminate/View/View))
#14 C:/xampp/htdocs/kreditsathi/vendor/laravel/framework/src/Illuminate/Pipeline/Pipeline.php(144): Illuminate/Routing/Router->Illuminate/Routing/{closure}(Object(Illuminate/Http/Request))
#15 C:/xampp/htdocs/kreditsathi/vendor/laravel/framework/src/Illuminate/Routing/Middleware/SubstituteBindings.php(50): Illuminate/Pipeline/Pipeline->Illuminate/Pipeline/{closure}(Object(Illuminate/Http/Request))
#16 C:/xampp/htdocs/kreditsathi/vendor/laravel/framework/src/Illuminate/Pipeline/Pipeline.php(183): Illuminate/Routing/Middleware/SubstituteBindings->handle(Object(Illuminate/Http/Request), Object(Closure))
#17 C:/xampp/htdocs/kreditsathi/vendor/laravel/framework/src/Illuminate/Foundation/Http/Middleware/VerifyCsrfToken.php(78): Illuminate/Pipeline/Pipeline->Illuminate/Pipeline/{closure}(Object(Illuminate/Http/Request))
#18 C:/xampp/htdocs/kreditsathi/vendor/laravel/framework/src/Illuminate/Pipeline/Pipeline.php(183): Illuminate/Foundation/Http/Middleware/VerifyCsrfToken->handle(Object(Illuminate/Http/Request), Object(Closure))
#19 C:/xampp/htdocs/kreditsathi/vendor/laravel/framework/src/Illuminate/View/Middleware/ShareErrorsFromSession.php(49): Illuminate/Pipeline/Pipeline->Illuminate/Pipeline/{closure}(Object(Illuminate/Http/Request))
#20 C:/xampp/htdocs/kreditsathi/vendor/laravel/framework/src/Illuminate/Pipeline/Pipeline.php(183): Illuminate/View/Middleware/ShareErrorsFromSession->handle(Object(Illuminate/Http/Request), Object(Closure))
#21 C:/xampp/htdocs/kreditsathi/vendor/laravel/framework/src/Illuminate/Session/Middleware/StartSession.php(121): Illuminate/Pipeline/Pipeline->Illuminate/Pipeline/{closure}(Object(Illuminate/Http/Request))
#22 C:/xampp/htdocs/kreditsathi/vendor/laravel/framework/src/Illuminate/Session/Middleware/StartSession.php(64): Illuminate/Session/Middleware/StartSession->handleStatefulRequest(Object(Illuminate/Http/Request), Object(Illuminate/Session/Store), Object(Closure))
#23 C:/xampp/htdocs/kreditsathi/vendor/laravel/framework/src/Illuminate/Pipeline/Pipeline.php(183): Illuminate/Session/Middleware/StartSession->handle(Object(Illuminate/Http/Request), Object(Closure))
#24 C:/xampp/htdocs/kreditsathi/vendor/laravel/framework/src/Illuminate/Cookie/Middleware/AddQueuedCookiesToResponse.php(37): Illuminate/Pipeline/Pipeline->Illuminate/Pipeline/{closure}(Object(Illuminate/Http/Request))
#25 C:/xampp/htdocs/kreditsathi/vendor/laravel/framework/src/Illuminate/Pipeline/Pipeline.php(183): Illuminate/Cookie/Middleware/AddQueuedCookiesToResponse->handle(Object(Illuminate/Http/Request), Object(Closure))
#26 C:/xampp/htdocs/kreditsathi/vendor/laravel/framework/src/Illuminate/Cookie/Middleware/EncryptCookies.php(67): Illuminate/Pipeline/Pipeline->Illuminate/Pipeline/{closure}(Object(Illuminate/Http/Request))
#27 C:/xampp/htdocs/kreditsathi/vendor/laravel/framework/src/Illuminate/Pipeline/Pipeline.php(183): Illuminate/Cookie/Middleware/EncryptCookies->handle(Object(Illuminate/Http/Request), Object(Closure))
#28 C:/xampp/htdocs/kreditsathi/vendor/laravel/framework/src/Illuminate/Pipeline/Pipeline.php(119): Illuminate/Pipeline/Pipeline->Illuminate/Pipeline/{closure}(Object(Illuminate/Http/Request))
#29 C:/xampp/htdocs/kreditsathi/vendor/laravel/framework/src/Illuminate/Routing/Router.php(805): Illuminate/Pipeline/Pipeline->then(Object(Closure))
#30 C:/xampp/htdocs/kreditsathi/vendor/laravel/framework/src/Illuminate/Routing/Router.php(784): Illuminate/Routing/Router->runRouteWithinStack(Object(Illuminate/Routing/Route), Object(Illuminate/Http/Request))
#31 C:/xampp/htdocs/kreditsathi/vendor/laravel/framework/src/Illuminate/Routing/Router.php(748): Illuminate/Routing/Router->runRoute(Object(Illuminate/Http/Request), Object(Illuminate/Routing/Route))
#32 C:/xampp/htdocs/kreditsathi/vendor/laravel/framework/src/Illuminate/Routing/Router.php(737): Illuminate/Routing/Router->dispatchToRoute(Object(Illuminate/Http/Request))
#33 C:/xampp/htdocs/kreditsathi/vendor/laravel/framework/src/Illuminate/Foundation/Http/Kernel.php(200): Illuminate/Routing/Router->dispatch(Object(Illuminate/Http/Request))
#34 C:/xampp/htdocs/kreditsathi/vendor/laravel/framework/src/Illuminate/Pipeline/Pipeline.php(144): Illuminate/Foundation/Http/Kernel->Illuminate/Foundation/Http/{closure}(Object(Illuminate/Http/Request))
#35 C:/xampp/htdocs/kreditsathi/vendor/laravel/framework/src/Illuminate/Foundation/Http/Middleware/TransformsRequest.php(21): Illuminate/Pipeline/Pipeline->Illuminate/Pipeline/{closure}(Object(Illuminate/Http/Request))
#36 C:/xampp/htdocs/kreditsathi/vendor/laravel/framework/src/Illuminate/Foundation/Http/Middleware/ConvertEmptyStringsToNull.php(31): Illuminate/Foundation/Http/Middleware/TransformsRequest->handle(Object(Illuminate/Http/Request), Object(Closure))
#37 C:/xampp/htdocs/kreditsathi/vendor/laravel/framework/src/Illuminate/Pipeline/Pipeline.php(183): Illuminate/Foundation/Http/Middleware/ConvertEmptyStringsToNull->handle(Object(Illuminate/Http/Request), Object(Closure))
#38 C:/xampp/htdocs/kreditsathi/vendor/laravel/framework/src/Illuminate/Foundation/Http/Middleware/TransformsRequest.php(21): Illuminate/Pipeline/Pipeline->Illuminate/Pipeline/{closure}(Object(Illuminate/Http/Request))
#39 C:/xampp/htdocs/kreditsathi/vendor/laravel/framework/src/Illuminate/Foundation/Http/Middleware/TrimStrings.php(40): Illuminate/Foundation/Http/Middleware/TransformsRequest->handle(Object(Illuminate/Http/Request), Object(Closure))
#40 C:/xampp/htdocs/kreditsathi/vendor/laravel/framework/src/Illuminate/Pipeline/Pipeline.php(183): Illuminate/Foundation/Http/Middleware/TrimStrings->handle(Object(Illuminate/Http/Request), Object(Closure))
#41 C:/xampp/htdocs/kreditsathi/vendor/laravel/framework/src/Illuminate/Foundation/Http/Middleware/ValidatePostSize.php(27): Illuminate/Pipeline/Pipeline->Illuminate/Pipeline/{closure}(Object(Illuminate/Http/Request))
#42 C:/xampp/htdocs/kreditsathi/vendor/laravel/framework/src/Illuminate/Pipeline/Pipeline.php(183): Illuminate/Foundation/Http/Middleware/ValidatePostSize->handle(Object(Illuminate/Http/Request), Object(Closure))
#43 C:/xampp/htdocs/kreditsathi/vendor/laravel/framework/src/Illuminate/Foundation/Http/Middleware/PreventRequestsDuringMaintenance.php(99): Illuminate/Pipeline/Pipeline->Illuminate/Pipeline/{closure}(Object(Illuminate/Http/Request))
#44 C:/xampp/htdocs/kreditsathi/vendor/laravel/framework/src/Illuminate/Pipeline/Pipeline.php(183): Illuminate/Foundation/Http/Middleware/PreventRequestsDuringMaintenance->handle(Object(Illuminate/Http/Request), Object(Closure))
#45 C:/xampp/htdocs/kreditsathi/vendor/laravel/framework/src/Illuminate/Http/Middleware/HandleCors.php(49): Illuminate/Pipeline/Pipeline->Illuminate/Pipeline/{closure}(Object(Illuminate/Http/Request))
#46 C:/xampp/htdocs/kreditsathi/vendor/laravel/framework/src/Illuminate/Pipeline/Pipeline.php(183): Illuminate/Http/Middleware/HandleCors->handle(Object(Illuminate/Http/Request), Object(Closure))
#47 C:/xampp/htdocs/kreditsathi/vendor/laravel/framework/src/Illuminate/Http/Middleware/TrustProxies.php(39): Illuminate/Pipeline/Pipeline->Illuminate/Pipeline/{closure}(Object(Illuminate/Http/Request))
#48 C:/xampp/htdocs/kreditsathi/vendor/laravel/framework/src/Illuminate/Pipeline/Pipeline.php(183): Illuminate/Http/Middleware/TrustProxies->handle(Object(Illuminate/Http/Request), Object(Closure))
#49 C:/xampp/htdocs/kreditsathi/vendor/laravel/framework/src/Illuminate/Pipeline/Pipeline.php(119): Illuminate/Pipeline/Pipeline->Illuminate/Pipeline/{closure}(Object(Illuminate/Http/Request))
#50 C:/xampp/htdocs/kreditsathi/vendor/laravel/framework/src/Illuminate/Foundation/Http/Kernel.php(175): Illuminate/Pipeline/Pipeline->then(Object(Closure))
#51 C:/xampp/htdocs/kreditsathi/vendor/laravel/framework/src/Illuminate/Foundation/Http/Kernel.php(144): Illuminate/Foundation/Http/Kernel->sendRequestThroughRouter(Object(Illuminate/Http/Request))
#52 C:/xampp/htdocs/kreditsathi/index.php(51): Illuminate/Foundation/Http/Kernel->handle(Object(Illuminate/Http/Request))
#53 {main}
"} 
[2026-08-29 11:53:13] local.ERROR: Undefined variable $lists {"view":{"view":"C:\\xampp\\htdocs\\kreditsathi\\resources\\views\\selfApply\\main.blade.php","data":{"errors":"<pre class=sf-dump id=sf-dump-1566171396 data-indent-pad=\"  \"><span class=sf-dump-note>Illuminate\\Support\\ViewErrorBag</span> {<a class=sf-dump-ref>#613</a><samp data-depth=1 class=sf-dump-expanded>
  #<span class=sf-dump-protected title=\"Protected property\">bags</span>: []
</samp>}
</pre><script>Sfdump(\"sf-dump-1566171396\", {\"maxDepth\":3,\"maxStringLength\":160})</script>
","meta":"<pre class=sf-dump id=sf-dump-1562917409 data-indent-pad=\"  \"><span class=sf-dump-note>array:4</span> [<samp data-depth=1 class=sf-dump-expanded>
  \"<span class=sf-dump-key>keywords</span>\" => \"<span class=sf-dump-str title=\"159 characters\">apply for a personal loan online, easy loan application process, fast personal loan approval, Kreditsathi online loan application, hassle-free loan application</span>\"
  \"<span class=sf-dump-key>title</span>\" => \"<span class=sf-dump-str title=\"68 characters\">Apply for a Personal Loan Online - Fast and Easy Application Process</span>\"
  \"<span class=sf-dump-key>description</span>\" => \"<span class=sf-dump-str title=\"149 characters\">Easily apply for a personal loan online through Kreditsathi`s quick and hassle-free application process with minimal documentation and fast approval.</span>\"
  \"<span class=sf-dump-key>robots</span>\" => \"<span class=sf-dump-str title=\"77 characters\">follow, index,  max-snippet:-1, max-video-preview:-1, max-image-preview:large</span>\"
</samp>]
</pre><script>Sfdump(\"sf-dump-1562917409\", {\"maxDepth\":3,\"maxStringLength\":160})</script>
"}},"exception":"[object] (Spatie\\LaravelIgnition\\Exceptions\\ViewException(code: 0): Undefined variable $lists at C:/xampp/htdocs/kreditsathi/resources/views/selfApply/main.blade.php:209)
[stacktrace]
#0 C:/xampp/htdocs/kreditsathi/vendor/laravel/framework/src/Illuminate/Filesystem/Filesystem.php(123): require('C://xampp//htdocs...')
#1 C:/xampp/htdocs/kreditsathi/vendor/laravel/framework/src/Illuminate/Filesystem/Filesystem.php(124): Illuminate/Filesystem/Filesystem::Illuminate/Filesystem/{closure}()
#2 C:/xampp/htdocs/kreditsathi/vendor/laravel/framework/src/Illuminate/View/Engines/PhpEngine.php(58): Illuminate/Filesystem/Filesystem->getRequire('C://xampp//htdocs...', Array)
#3 C:/xampp/htdocs/kreditsathi/vendor/laravel/framework/src/Illuminate/View/Engines/CompilerEngine.php(72): Illuminate/View/Engines/PhpEngine->evaluatePath('C://xampp//htdocs...', Array)
#4 C:/xampp/htdocs/kreditsathi/vendor/laravel/framework/src/Illuminate/View/View.php(207): Illuminate/View/Engines/CompilerEngine->get('C://xampp//htdocs...', Array)
#5 C:/xampp/htdocs/kreditsathi/vendor/laravel/framework/src/Illuminate/View/View.php(190): Illuminate/View/View->getContents()
#6 C:/xampp/htdocs/kreditsathi/vendor/laravel/framework/src/Illuminate/View/View.php(159): Illuminate/View/View->renderContents()
#7 C:/xampp/htdocs/kreditsathi/vendor/laravel/framework/src/Illuminate/Http/Response.php(69): Illuminate/View/View->render()
#8 C:/xampp/htdocs/kreditsathi/vendor/laravel/framework/src/Illuminate/Http/Response.php(35): Illuminate/Http/Response->setContent(Object(Illuminate/View/View))
#9 C:/xampp/htdocs/kreditsathi/vendor/laravel/framework/src/Illuminate/Routing/Router.php(918): Illuminate/Http/Response->__construct(Object(Illuminate/View/View), 200, Array)
#10 C:/xampp/htdocs/kreditsathi/vendor/laravel/framework/src/Illuminate/Routing/Router.php(885): Illuminate/Routing/Router::toResponse(Object(Illuminate/Http/Request), Object(Illuminate/View/View))
#11 C:/xampp/htdocs/kreditsathi/vendor/laravel/framework/src/Illuminate/Routing/Router.php(805): Illuminate/Routing/Router->prepareResponse(Object(Illuminate/Http/Request), Object(Illuminate/View/View))
#12 C:/xampp/htdocs/kreditsathi/vendor/laravel/framework/src/Illuminate/Pipeline/Pipeline.php(144): Illuminate/Routing/Router->Illuminate/Routing/{closure}(Object(Illuminate/Http/Request))
#13 C:/xampp/htdocs/kreditsathi/vendor/laravel/framework/src/Illuminate/Routing/Middleware/SubstituteBindings.php(50): Illuminate/Pipeline/Pipeline->Illuminate/Pipeline/{closure}(Object(Illuminate/Http/Request))
#14 C:/xampp/htdocs/kreditsathi/vendor/laravel/framework/src/Illuminate/Pipeline/Pipeline.php(183): Illuminate/Routing/Middleware/SubstituteBindings->handle(Object(Illuminate/Http/Request), Object(Closure))
#15 C:/xampp/htdocs/kreditsathi/vendor/laravel/framework/src/Illuminate/Foundation/Http/Middleware/VerifyCsrfToken.php(78): Illuminate/Pipeline/Pipeline->Illuminate/Pipeline/{closure}(Object(Illuminate/Http/Request))
#16 C:/xampp/htdocs/kreditsathi/vendor/laravel/framework/src/Illuminate/Pipeline/Pipeline.php(183): Illuminate/Foundation/Http/Middleware/VerifyCsrfToken->handle(Object(Illuminate/Http/Request), Object(Closure))
#17 C:/xampp/htdocs/kreditsathi/vendor/laravel/framework/src/Illuminate/View/Middleware/ShareErrorsFromSession.php(49): Illuminate/Pipeline/Pipeline->Illuminate/Pipeline/{closure}(Object(Illuminate/Http/Request))
#18 C:/xampp/htdocs/kreditsathi/vendor/laravel/framework/src/Illuminate/Pipeline/Pipeline.php(183): Illuminate/View/Middleware/ShareErrorsFromSession->handle(Object(Illuminate/Http/Request), Object(Closure))
#19 C:/xampp/htdocs/kreditsathi/vendor/laravel/framework/src/Illuminate/Session/Middleware/StartSession.php(121): Illuminate/Pipeline/Pipeline->Illuminate/Pipeline/{closure}(Object(Illuminate/Http/Request))
#20 C:/xampp/htdocs/kreditsathi/vendor/laravel/framework/src/Illuminate/Session/Middleware/StartSession.php(64): Illuminate/Session/Middleware/StartSession->handleStatefulRequest(Object(Illuminate/Http/Request), Object(Illuminate/Session/Store), Object(Closure))
#21 C:/xampp/htdocs/kreditsathi/vendor/laravel/framework/src/Illuminate/Pipeline/Pipeline.php(183): Illuminate/Session/Middleware/StartSession->handle(Object(Illuminate/Http/Request), Object(Closure))
#22 C:/xampp/htdocs/kreditsathi/vendor/laravel/framework/src/Illuminate/Cookie/Middleware/AddQueuedCookiesToResponse.php(37): Illuminate/Pipeline/Pipeline->Illuminate/Pipeline/{closure}(Object(Illuminate/Http/Request))
#23 C:/xampp/htdocs/kreditsathi/vendor/laravel/framework/src/Illuminate/Pipeline/Pipeline.php(183): Illuminate/Cookie/Middleware/AddQueuedCookiesToResponse->handle(Object(Illuminate/Http/Request), Object(Closure))
#24 C:/xampp/htdocs/kreditsathi/vendor/laravel/framework/src/Illuminate/Cookie/Middleware/EncryptCookies.php(67): Illuminate/Pipeline/Pipeline->Illuminate/Pipeline/{closure}(Object(Illuminate/Http/Request))
#25 C:/xampp/htdocs/kreditsathi/vendor/laravel/framework/src/Illuminate/Pipeline/Pipeline.php(183): Illuminate/Cookie/Middleware/EncryptCookies->handle(Object(Illuminate/Http/Request), Object(Closure))
#26 C:/xampp/htdocs/kreditsathi/vendor/laravel/framework/src/Illuminate/Pipeline/Pipeline.php(119): Illuminate/Pipeline/Pipeline->Illuminate/Pipeline/{closure}(Object(Illuminate/Http/Request))
#27 C:/xampp/htdocs/kreditsathi/vendor/laravel/framework/src/Illuminate/Routing/Router.php(805): Illuminate/Pipeline/Pipeline->then(Object(Closure))
#28 C:/xampp/htdocs/kreditsathi/vendor/laravel/framework/src/Illuminate/Routing/Router.php(784): Illuminate/Routing/Router->runRouteWithinStack(Object(Illuminate/Routing/Route), Object(Illuminate/Http/Request))
#29 C:/xampp/htdocs/kreditsathi/vendor/laravel/framework/src/Illuminate/Routing/Router.php(748): Illuminate/Routing/Router->runRoute(Object(Illuminate/Http/Request), Object(Illuminate/Routing/Route))
#30 C:/xampp/htdocs/kreditsathi/vendor/laravel/framework/src/Illuminate/Routing/Router.php(737): Illuminate/Routing/Router->dispatchToRoute(Object(Illuminate/Http/Request))
#31 C:/xampp/htdocs/kreditsathi/vendor/laravel/framework/src/Illuminate/Foundation/Http/Kernel.php(200): Illuminate/Routing/Router->dispatch(Object(Illuminate/Http/Request))
#32 C:/xampp/htdocs/kreditsathi/vendor/laravel/framework/src/Illuminate/Pipeline/Pipeline.php(144): Illuminate/Foundation/Http/Kernel->Illuminate/Foundation/Http/{closure}(Object(Illuminate/Http/Request))
#33 C:/xampp/htdocs/kreditsathi/vendor/laravel/framework/src/Illuminate/Foundation/Http/Middleware/TransformsRequest.php(21): Illuminate/Pipeline/Pipeline->Illuminate/Pipeline/{closure}(Object(Illuminate/Http/Request))
#34 C:/xampp/htdocs/kreditsathi/vendor/laravel/framework/src/Illuminate/Foundation/Http/Middleware/ConvertEmptyStringsToNull.php(31): Illuminate/Foundation/Http/Middleware/TransformsRequest->handle(Object(Illuminate/Http/Request), Object(Closure))
#35 C:/xampp/htdocs/kreditsathi/vendor/laravel/framework/src/Illuminate/Pipeline/Pipeline.php(183): Illuminate/Foundation/Http/Middleware/ConvertEmptyStringsToNull->handle(Object(Illuminate/Http/Request), Object(Closure))
#36 C:/xampp/htdocs/kreditsathi/vendor/laravel/framework/src/Illuminate/Foundation/Http/Middleware/TransformsRequest.php(21): Illuminate/Pipeline/Pipeline->Illuminate/Pipeline/{closure}(Object(Illuminate/Http/Request))
#37 C:/xampp/htdocs/kreditsathi/vendor/laravel/framework/src/Illuminate/Foundation/Http/Middleware/TrimStrings.php(40): Illuminate/Foundation/Http/Middleware/TransformsRequest->handle(Object(Illuminate/Http/Request), Object(Closure))
#38 C:/xampp/htdocs/kreditsathi/vendor/laravel/framework/src/Illuminate/Pipeline/Pipeline.php(183): Illuminate/Foundation/Http/Middleware/TrimStrings->handle(Object(Illuminate/Http/Request), Object(Closure))
#39 C:/xampp/htdocs/kreditsathi/vendor/laravel/framework/src/Illuminate/Foundation/Http/Middleware/ValidatePostSize.php(27): Illuminate/Pipeline/Pipeline->Illuminate/Pipeline/{closure}(Object(Illuminate/Http/Request))
#40 C:/xampp/htdocs/kreditsathi/vendor/laravel/framework/src/Illuminate/Pipeline/Pipeline.php(183): Illuminate/Foundation/Http/Middleware/ValidatePostSize->handle(Object(Illuminate/Http/Request), Object(Closure))
#41 C:/xampp/htdocs/kreditsathi/vendor/laravel/framework/src/Illuminate/Foundation/Http/Middleware/PreventRequestsDuringMaintenance.php(99): Illuminate/Pipeline/Pipeline->Illuminate/Pipeline/{closure}(Object(Illuminate/Http/Request))
#42 C:/xampp/htdocs/kreditsathi/vendor/laravel/framework/src/Illuminate/Pipeline/Pipeline.php(183): Illuminate/Foundation/Http/Middleware/PreventRequestsDuringMaintenance->handle(Object(Illuminate/Http/Request), Object(Closure))
#43 C:/xampp/htdocs/kreditsathi/vendor/laravel/framework/src/Illuminate/Http/Middleware/HandleCors.php(49): Illuminate/Pipeline/Pipeline->Illuminate/Pipeline/{closure}(Object(Illuminate/Http/Request))
#44 C:/xampp/htdocs/kreditsathi/vendor/laravel/framework/src/Illuminate/Pipeline/Pipeline.php(183): Illuminate/Http/Middleware/HandleCors->handle(Object(Illuminate/Http/Request), Object(Closure))
#45 C:/xampp/htdocs/kreditsathi/vendor/laravel/framework/src/Illuminate/Http/Middleware/TrustProxies.php(39): Illuminate/Pipeline/Pipeline->Illuminate/Pipeline/{closure}(Object(Illuminate/Http/Request))
#46 C:/xampp/htdocs/kreditsathi/vendor/laravel/framework/src/Illuminate/Pipeline/Pipeline.php(183): Illuminate/Http/Middleware/TrustProxies->handle(Object(Illuminate/Http/Request), Object(Closure))
#47 C:/xampp/htdocs/kreditsathi/vendor/laravel/framework/src/Illuminate/Pipeline/Pipeline.php(119): Illuminate/Pipeline/Pipeline->Illuminate/Pipeline/{closure}(Object(Illuminate/Http/Request))
#48 C:/xampp/htdocs/kreditsathi/vendor/laravel/framework/src/Illuminate/Foundation/Http/Kernel.php(175): Illuminate/Pipeline/Pipeline->then(Object(Closure))
#49 C:/xampp/htdocs/kreditsathi/vendor/laravel/framework/src/Illuminate/Foundation/Http/Kernel.php(144): Illuminate/Foundation/Http/Kernel->sendRequestThroughRouter(Object(Illuminate/Http/Request))
#50 C:/xampp/htdocs/kreditsathi/index.php(51): Illuminate/Foundation/Http/Kernel->handle(Object(Illuminate/Http/Request))
#51 {main}

[previous exception] [object] (ErrorException(code: 0): Undefined variable $lists at C:/xampp/htdocs/kreditsathi/storage/framework/views/171a4cfc915d388c12f34ecdde7f5a8c.php:209)
[stacktrace]
#0 C:/xampp/htdocs/kreditsathi/vendor/laravel/framework/src/Illuminate/Foundation/Bootstrap/HandleExceptions.php(255): Illuminate/Foundation/Bootstrap/HandleExceptions->handleError(2, 'Undefined varia...', 'C://xampp//htdocs...', 209)
#1 C:/xampp/htdocs/kreditsathi/storage/framework/views/171a4cfc915d388c12f34ecdde7f5a8c.php(209): Illuminate/Foundation/Bootstrap/HandleExceptions->Illuminate/Foundation/Bootstrap/{closure}(2, 'Undefined varia...', 'C://xampp//htdocs...', 209)
#2 C:/xampp/htdocs/kreditsathi/vendor/laravel/framework/src/Illuminate/Filesystem/Filesystem.php(123): require('C://xampp//htdocs...')
#3 C:/xampp/htdocs/kreditsathi/vendor/laravel/framework/src/Illuminate/Filesystem/Filesystem.php(124): Illuminate/Filesystem/Filesystem::Illuminate/Filesystem/{closure}()
#4 C:/xampp/htdocs/kreditsathi/vendor/laravel/framework/src/Illuminate/View/Engines/PhpEngine.php(58): Illuminate/Filesystem/Filesystem->getRequire('C://xampp//htdocs...', Array)
#5 C:/xampp/htdocs/kreditsathi/vendor/laravel/framework/src/Illuminate/View/Engines/CompilerEngine.php(72): Illuminate/View/Engines/PhpEngine->evaluatePath('C://xampp//htdocs...', Array)
#6 C:/xampp/htdocs/kreditsathi/vendor/laravel/framework/src/Illuminate/View/View.php(207): Illuminate/View/Engines/CompilerEngine->get('C://xampp//htdocs...', Array)
#7 C:/xampp/htdocs/kreditsathi/vendor/laravel/framework/src/Illuminate/View/View.php(190): Illuminate/View/View->getContents()
#8 C:/xampp/htdocs/kreditsathi/vendor/laravel/framework/src/Illuminate/View/View.php(159): Illuminate/View/View->renderContents()
#9 C:/xampp/htdocs/kreditsathi/vendor/laravel/framework/src/Illuminate/Http/Response.php(69): Illuminate/View/View->render()
#10 C:/xampp/htdocs/kreditsathi/vendor/laravel/framework/src/Illuminate/Http/Response.php(35): Illuminate/Http/Response->setContent(Object(Illuminate/View/View))
#11 C:/xampp/htdocs/kreditsathi/vendor/laravel/framework/src/Illuminate/Routing/Router.php(918): Illuminate/Http/Response->__construct(Object(Illuminate/View/View), 200, Array)
#12 C:/xampp/htdocs/kreditsathi/vendor/laravel/framework/src/Illuminate/Routing/Router.php(885): Illuminate/Routing/Router::toResponse(Object(Illuminate/Http/Request), Object(Illuminate/View/View))
#13 C:/xampp/htdocs/kreditsathi/vendor/laravel/framework/src/Illuminate/Routing/Router.php(805): Illuminate/Routing/Router->prepareResponse(Object(Illuminate/Http/Request), Object(Illuminate/View/View))
#14 C:/xampp/htdocs/kreditsathi/vendor/laravel/framework/src/Illuminate/Pipeline/Pipeline.php(144): Illuminate/Routing/Router->Illuminate/Routing/{closure}(Object(Illuminate/Http/Request))
#15 C:/xampp/htdocs/kreditsathi/vendor/laravel/framework/src/Illuminate/Routing/Middleware/SubstituteBindings.php(50): Illuminate/Pipeline/Pipeline->Illuminate/Pipeline/{closure}(Object(Illuminate/Http/Request))
#16 C:/xampp/htdocs/kreditsathi/vendor/laravel/framework/src/Illuminate/Pipeline/Pipeline.php(183): Illuminate/Routing/Middleware/SubstituteBindings->handle(Object(Illuminate/Http/Request), Object(Closure))
#17 C:/xampp/htdocs/kreditsathi/vendor/laravel/framework/src/Illuminate/Foundation/Http/Middleware/VerifyCsrfToken.php(78): Illuminate/Pipeline/Pipeline->Illuminate/Pipeline/{closure}(Object(Illuminate/Http/Request))
#18 C:/xampp/htdocs/kreditsathi/vendor/laravel/framework/src/Illuminate/Pipeline/Pipeline.php(183): Illuminate/Foundation/Http/Middleware/VerifyCsrfToken->handle(Object(Illuminate/Http/Request), Object(Closure))
#19 C:/xampp/htdocs/kreditsathi/vendor/laravel/framework/src/Illuminate/View/Middleware/ShareErrorsFromSession.php(49): Illuminate/Pipeline/Pipeline->Illuminate/Pipeline/{closure}(Object(Illuminate/Http/Request))
#20 C:/xampp/htdocs/kreditsathi/vendor/laravel/framework/src/Illuminate/Pipeline/Pipeline.php(183): Illuminate/View/Middleware/ShareErrorsFromSession->handle(Object(Illuminate/Http/Request), Object(Closure))
#21 C:/xampp/htdocs/kreditsathi/vendor/laravel/framework/src/Illuminate/Session/Middleware/StartSession.php(121): Illuminate/Pipeline/Pipeline->Illuminate/Pipeline/{closure}(Object(Illuminate/Http/Request))
#22 C:/xampp/htdocs/kreditsathi/vendor/laravel/framework/src/Illuminate/Session/Middleware/StartSession.php(64): Illuminate/Session/Middleware/StartSession->handleStatefulRequest(Object(Illuminate/Http/Request), Object(Illuminate/Session/Store), Object(Closure))
#23 C:/xampp/htdocs/kreditsathi/vendor/laravel/framework/src/Illuminate/Pipeline/Pipeline.php(183): Illuminate/Session/Middleware/StartSession->handle(Object(Illuminate/Http/Request), Object(Closure))
#24 C:/xampp/htdocs/kreditsathi/vendor/laravel/framework/src/Illuminate/Cookie/Middleware/AddQueuedCookiesToResponse.php(37): Illuminate/Pipeline/Pipeline->Illuminate/Pipeline/{closure}(Object(Illuminate/Http/Request))
#25 C:/xampp/htdocs/kreditsathi/vendor/laravel/framework/src/Illuminate/Pipeline/Pipeline.php(183): Illuminate/Cookie/Middleware/AddQueuedCookiesToResponse->handle(Object(Illuminate/Http/Request), Object(Closure))
#26 C:/xampp/htdocs/kreditsathi/vendor/laravel/framework/src/Illuminate/Cookie/Middleware/EncryptCookies.php(67): Illuminate/Pipeline/Pipeline->Illuminate/Pipeline/{closure}(Object(Illuminate/Http/Request))
#27 C:/xampp/htdocs/kreditsathi/vendor/laravel/framework/src/Illuminate/Pipeline/Pipeline.php(183): Illuminate/Cookie/Middleware/EncryptCookies->handle(Object(Illuminate/Http/Request), Object(Closure))
#28 C:/xampp/htdocs/kreditsathi/vendor/laravel/framework/src/Illuminate/Pipeline/Pipeline.php(119): Illuminate/Pipeline/Pipeline->Illuminate/Pipeline/{closure}(Object(Illuminate/Http/Request))
#29 C:/xampp/htdocs/kreditsathi/vendor/laravel/framework/src/Illuminate/Routing/Router.php(805): Illuminate/Pipeline/Pipeline->then(Object(Closure))
#30 C:/xampp/htdocs/kreditsathi/vendor/laravel/framework/src/Illuminate/Routing/Router.php(784): Illuminate/Routing/Router->runRouteWithinStack(Object(Illuminate/Routing/Route), Object(Illuminate/Http/Request))
#31 C:/xampp/htdocs/kreditsathi/vendor/laravel/framework/src/Illuminate/Routing/Router.php(748): Illuminate/Routing/Router->runRoute(Object(Illuminate/Http/Request), Object(Illuminate/Routing/Route))
#32 C:/xampp/htdocs/kreditsathi/vendor/laravel/framework/src/Illuminate/Routing/Router.php(737): Illuminate/Routing/Router->dispatchToRoute(Object(Illuminate/Http/Request))
#33 C:/xampp/htdocs/kreditsathi/vendor/laravel/framework/src/Illuminate/Foundation/Http/Kernel.php(200): Illuminate/Routing/Router->dispatch(Object(Illuminate/Http/Request))
#34 C:/xampp/htdocs/kreditsathi/vendor/laravel/framework/src/Illuminate/Pipeline/Pipeline.php(144): Illuminate/Foundation/Http/Kernel->Illuminate/Foundation/Http/{closure}(Object(Illuminate/Http/Request))
#35 C:/xampp/htdocs/kreditsathi/vendor/laravel/framework/src/Illuminate/Foundation/Http/Middleware/TransformsRequest.php(21): Illuminate/Pipeline/Pipeline->Illuminate/Pipeline/{closure}(Object(Illuminate/Http/Request))
#36 C:/xampp/htdocs/kreditsathi/vendor/laravel/framework/src/Illuminate/Foundation/Http/Middleware/ConvertEmptyStringsToNull.php(31): Illuminate/Foundation/Http/Middleware/TransformsRequest->handle(Object(Illuminate/Http/Request), Object(Closure))
#37 C:/xampp/htdocs/kreditsathi/vendor/laravel/framework/src/Illuminate/Pipeline/Pipeline.php(183): Illuminate/Foundation/Http/Middleware/ConvertEmptyStringsToNull->handle(Object(Illuminate/Http/Request), Object(Closure))
#38 C:/xampp/htdocs/kreditsathi/vendor/laravel/framework/src/Illuminate/Foundation/Http/Middleware/TransformsRequest.php(21): Illuminate/Pipeline/Pipeline->Illuminate/Pipeline/{closure}(Object(Illuminate/Http/Request))
#39 C:/xampp/htdocs/kreditsathi/vendor/laravel/framework/src/Illuminate/Foundation/Http/Middleware/TrimStrings.php(40): Illuminate/Foundation/Http/Middleware/TransformsRequest->handle(Object(Illuminate/Http/Request), Object(Closure))
#40 C:/xampp/htdocs/kreditsathi/vendor/laravel/framework/src/Illuminate/Pipeline/Pipeline.php(183): Illuminate/Foundation/Http/Middleware/TrimStrings->handle(Object(Illuminate/Http/Request), Object(Closure))
#41 C:/xampp/htdocs/kreditsathi/vendor/laravel/framework/src/Illuminate/Foundation/Http/Middleware/ValidatePostSize.php(27): Illuminate/Pipeline/Pipeline->Illuminate/Pipeline/{closure}(Object(Illuminate/Http/Request))
#42 C:/xampp/htdocs/kreditsathi/vendor/laravel/framework/src/Illuminate/Pipeline/Pipeline.php(183): Illuminate/Foundation/Http/Middleware/ValidatePostSize->handle(Object(Illuminate/Http/Request), Object(Closure))
#43 C:/xampp/htdocs/kreditsathi/vendor/laravel/framework/src/Illuminate/Foundation/Http/Middleware/PreventRequestsDuringMaintenance.php(99): Illuminate/Pipeline/Pipeline->Illuminate/Pipeline/{closure}(Object(Illuminate/Http/Request))
#44 C:/xampp/htdocs/kreditsathi/vendor/laravel/framework/src/Illuminate/Pipeline/Pipeline.php(183): Illuminate/Foundation/Http/Middleware/PreventRequestsDuringMaintenance->handle(Object(Illuminate/Http/Request), Object(Closure))
#45 C:/xampp/htdocs/kreditsathi/vendor/laravel/framework/src/Illuminate/Http/Middleware/HandleCors.php(49): Illuminate/Pipeline/Pipeline->Illuminate/Pipeline/{closure}(Object(Illuminate/Http/Request))
#46 C:/xampp/htdocs/kreditsathi/vendor/laravel/framework/src/Illuminate/Pipeline/Pipeline.php(183): Illuminate/Http/Middleware/HandleCors->handle(Object(Illuminate/Http/Request), Object(Closure))
#47 C:/xampp/htdocs/kreditsathi/vendor/laravel/framework/src/Illuminate/Http/Middleware/TrustProxies.php(39): Illuminate/Pipeline/Pipeline->Illuminate/Pipeline/{closure}(Object(Illuminate/Http/Request))
#48 C:/xampp/htdocs/kreditsathi/vendor/laravel/framework/src/Illuminate/Pipeline/Pipeline.php(183): Illuminate/Http/Middleware/TrustProxies->handle(Object(Illuminate/Http/Request), Object(Closure))
#49 C:/xampp/htdocs/kreditsathi/vendor/laravel/framework/src/Illuminate/Pipeline/Pipeline.php(119): Illuminate/Pipeline/Pipeline->Illuminate/Pipeline/{closure}(Object(Illuminate/Http/Request))
#50 C:/xampp/htdocs/kreditsathi/vendor/laravel/framework/src/Illuminate/Foundation/Http/Kernel.php(175): Illuminate/Pipeline/Pipeline->then(Object(Closure))
#51 C:/xampp/htdocs/kreditsathi/vendor/laravel/framework/src/Illuminate/Foundation/Http/Kernel.php(144): Illuminate/Foundation/Http/Kernel->sendRequestThroughRouter(Object(Illuminate/Http/Request))
#52 C:/xampp/htdocs/kreditsathi/index.php(51): Illuminate/Foundation/Http/Kernel->handle(Object(Illuminate/Http/Request))
#53 {main}
"} 
[2026-08-29 11:53:37] local.ERROR: Undefined variable $lists {"view":{"view":"C:\\xampp\\htdocs\\kreditsathi\\resources\\views\\selfApply\\main.blade.php","data":{"errors":"<pre class=sf-dump id=sf-dump-1175848682 data-indent-pad=\"  \"><span class=sf-dump-note>Illuminate\\Support\\ViewErrorBag</span> {<a class=sf-dump-ref>#613</a><samp data-depth=1 class=sf-dump-expanded>
  #<span class=sf-dump-protected title=\"Protected property\">bags</span>: []
</samp>}
</pre><script>Sfdump(\"sf-dump-1175848682\", {\"maxDepth\":3,\"maxStringLength\":160})</script>
","meta":"<pre class=sf-dump id=sf-dump-1520248092 data-indent-pad=\"  \"><span class=sf-dump-note>array:4</span> [<samp data-depth=1 class=sf-dump-expanded>
  \"<span class=sf-dump-key>keywords</span>\" => \"<span class=sf-dump-str title=\"159 characters\">apply for a personal loan online, easy loan application process, fast personal loan approval, Kreditsathi online loan application, hassle-free loan application</span>\"
  \"<span class=sf-dump-key>title</span>\" => \"<span class=sf-dump-str title=\"68 characters\">Apply for a Personal Loan Online - Fast and Easy Application Process</span>\"
  \"<span class=sf-dump-key>description</span>\" => \"<span class=sf-dump-str title=\"149 characters\">Easily apply for a personal loan online through Kreditsathi`s quick and hassle-free application process with minimal documentation and fast approval.</span>\"
  \"<span class=sf-dump-key>robots</span>\" => \"<span class=sf-dump-str title=\"77 characters\">follow, index,  max-snippet:-1, max-video-preview:-1, max-image-preview:large</span>\"
</samp>]
</pre><script>Sfdump(\"sf-dump-1520248092\", {\"maxDepth\":3,\"maxStringLength\":160})</script>
"}},"exception":"[object] (Spatie\\LaravelIgnition\\Exceptions\\ViewException(code: 0): Undefined variable $lists at C:/xampp/htdocs/kreditsathi/resources/views/selfApply/main.blade.php:206)
[stacktrace]
#0 C:/xampp/htdocs/kreditsathi/vendor/laravel/framework/src/Illuminate/Filesystem/Filesystem.php(123): require('C://xampp//htdocs...')
#1 C:/xampp/htdocs/kreditsathi/vendor/laravel/framework/src/Illuminate/Filesystem/Filesystem.php(124): Illuminate/Filesystem/Filesystem::Illuminate/Filesystem/{closure}()
#2 C:/xampp/htdocs/kreditsathi/vendor/laravel/framework/src/Illuminate/View/Engines/PhpEngine.php(58): Illuminate/Filesystem/Filesystem->getRequire('C://xampp//htdocs...', Array)
#3 C:/xampp/htdocs/kreditsathi/vendor/laravel/framework/src/Illuminate/View/Engines/CompilerEngine.php(72): Illuminate/View/Engines/PhpEngine->evaluatePath('C://xampp//htdocs...', Array)
#4 C:/xampp/htdocs/kreditsathi/vendor/laravel/framework/src/Illuminate/View/View.php(207): Illuminate/View/Engines/CompilerEngine->get('C://xampp//htdocs...', Array)
#5 C:/xampp/htdocs/kreditsathi/vendor/laravel/framework/src/Illuminate/View/View.php(190): Illuminate/View/View->getContents()
#6 C:/xampp/htdocs/kreditsathi/vendor/laravel/framework/src/Illuminate/View/View.php(159): Illuminate/View/View->renderContents()
#7 C:/xampp/htdocs/kreditsathi/vendor/laravel/framework/src/Illuminate/Http/Response.php(69): Illuminate/View/View->render()
#8 C:/xampp/htdocs/kreditsathi/vendor/laravel/framework/src/Illuminate/Http/Response.php(35): Illuminate/Http/Response->setContent(Object(Illuminate/View/View))
#9 C:/xampp/htdocs/kreditsathi/vendor/laravel/framework/src/Illuminate/Routing/Router.php(918): Illuminate/Http/Response->__construct(Object(Illuminate/View/View), 200, Array)
#10 C:/xampp/htdocs/kreditsathi/vendor/laravel/framework/src/Illuminate/Routing/Router.php(885): Illuminate/Routing/Router::toResponse(Object(Illuminate/Http/Request), Object(Illuminate/View/View))
#11 C:/xampp/htdocs/kreditsathi/vendor/laravel/framework/src/Illuminate/Routing/Router.php(805): Illuminate/Routing/Router->prepareResponse(Object(Illuminate/Http/Request), Object(Illuminate/View/View))
#12 C:/xampp/htdocs/kreditsathi/vendor/laravel/framework/src/Illuminate/Pipeline/Pipeline.php(144): Illuminate/Routing/Router->Illuminate/Routing/{closure}(Object(Illuminate/Http/Request))
#13 C:/xampp/htdocs/kreditsathi/vendor/laravel/framework/src/Illuminate/Routing/Middleware/SubstituteBindings.php(50): Illuminate/Pipeline/Pipeline->Illuminate/Pipeline/{closure}(Object(Illuminate/Http/Request))
#14 C:/xampp/htdocs/kreditsathi/vendor/laravel/framework/src/Illuminate/Pipeline/Pipeline.php(183): Illuminate/Routing/Middleware/SubstituteBindings->handle(Object(Illuminate/Http/Request), Object(Closure))
#15 C:/xampp/htdocs/kreditsathi/vendor/laravel/framework/src/Illuminate/Foundation/Http/Middleware/VerifyCsrfToken.php(78): Illuminate/Pipeline/Pipeline->Illuminate/Pipeline/{closure}(Object(Illuminate/Http/Request))
#16 C:/xampp/htdocs/kreditsathi/vendor/laravel/framework/src/Illuminate/Pipeline/Pipeline.php(183): Illuminate/Foundation/Http/Middleware/VerifyCsrfToken->handle(Object(Illuminate/Http/Request), Object(Closure))
#17 C:/xampp/htdocs/kreditsathi/vendor/laravel/framework/src/Illuminate/View/Middleware/ShareErrorsFromSession.php(49): Illuminate/Pipeline/Pipeline->Illuminate/Pipeline/{closure}(Object(Illuminate/Http/Request))
#18 C:/xampp/htdocs/kreditsathi/vendor/laravel/framework/src/Illuminate/Pipeline/Pipeline.php(183): Illuminate/View/Middleware/ShareErrorsFromSession->handle(Object(Illuminate/Http/Request), Object(Closure))
#19 C:/xampp/htdocs/kreditsathi/vendor/laravel/framework/src/Illuminate/Session/Middleware/StartSession.php(121): Illuminate/Pipeline/Pipeline->Illuminate/Pipeline/{closure}(Object(Illuminate/Http/Request))
#20 C:/xampp/htdocs/kreditsathi/vendor/laravel/framework/src/Illuminate/Session/Middleware/StartSession.php(64): Illuminate/Session/Middleware/StartSession->handleStatefulRequest(Object(Illuminate/Http/Request), Object(Illuminate/Session/Store), Object(Closure))
#21 C:/xampp/htdocs/kreditsathi/vendor/laravel/framework/src/Illuminate/Pipeline/Pipeline.php(183): Illuminate/Session/Middleware/StartSession->handle(Object(Illuminate/Http/Request), Object(Closure))
#22 C:/xampp/htdocs/kreditsathi/vendor/laravel/framework/src/Illuminate/Cookie/Middleware/AddQueuedCookiesToResponse.php(37): Illuminate/Pipeline/Pipeline->Illuminate/Pipeline/{closure}(Object(Illuminate/Http/Request))
#23 C:/xampp/htdocs/kreditsathi/vendor/laravel/framework/src/Illuminate/Pipeline/Pipeline.php(183): Illuminate/Cookie/Middleware/AddQueuedCookiesToResponse->handle(Object(Illuminate/Http/Request), Object(Closure))
#24 C:/xampp/htdocs/kreditsathi/vendor/laravel/framework/src/Illuminate/Cookie/Middleware/EncryptCookies.php(67): Illuminate/Pipeline/Pipeline->Illuminate/Pipeline/{closure}(Object(Illuminate/Http/Request))
#25 C:/xampp/htdocs/kreditsathi/vendor/laravel/framework/src/Illuminate/Pipeline/Pipeline.php(183): Illuminate/Cookie/Middleware/EncryptCookies->handle(Object(Illuminate/Http/Request), Object(Closure))
#26 C:/xampp/htdocs/kreditsathi/vendor/laravel/framework/src/Illuminate/Pipeline/Pipeline.php(119): Illuminate/Pipeline/Pipeline->Illuminate/Pipeline/{closure}(Object(Illuminate/Http/Request))
#27 C:/xampp/htdocs/kreditsathi/vendor/laravel/framework/src/Illuminate/Routing/Router.php(805): Illuminate/Pipeline/Pipeline->then(Object(Closure))
#28 C:/xampp/htdocs/kreditsathi/vendor/laravel/framework/src/Illuminate/Routing/Router.php(784): Illuminate/Routing/Router->runRouteWithinStack(Object(Illuminate/Routing/Route), Object(Illuminate/Http/Request))
#29 C:/xampp/htdocs/kreditsathi/vendor/laravel/framework/src/Illuminate/Routing/Router.php(748): Illuminate/Routing/Router->runRoute(Object(Illuminate/Http/Request), Object(Illuminate/Routing/Route))
#30 C:/xampp/htdocs/kreditsathi/vendor/laravel/framework/src/Illuminate/Routing/Router.php(737): Illuminate/Routing/Router->dispatchToRoute(Object(Illuminate/Http/Request))
#31 C:/xampp/htdocs/kreditsathi/vendor/laravel/framework/src/Illuminate/Foundation/Http/Kernel.php(200): Illuminate/Routing/Router->dispatch(Object(Illuminate/Http/Request))
#32 C:/xampp/htdocs/kreditsathi/vendor/laravel/framework/src/Illuminate/Pipeline/Pipeline.php(144): Illuminate/Foundation/Http/Kernel->Illuminate/Foundation/Http/{closure}(Object(Illuminate/Http/Request))
#33 C:/xampp/htdocs/kreditsathi/vendor/laravel/framework/src/Illuminate/Foundation/Http/Middleware/TransformsRequest.php(21): Illuminate/Pipeline/Pipeline->Illuminate/Pipeline/{closure}(Object(Illuminate/Http/Request))
#34 C:/xampp/htdocs/kreditsathi/vendor/laravel/framework/src/Illuminate/Foundation/Http/Middleware/ConvertEmptyStringsToNull.php(31): Illuminate/Foundation/Http/Middleware/TransformsRequest->handle(Object(Illuminate/Http/Request), Object(Closure))
#35 C:/xampp/htdocs/kreditsathi/vendor/laravel/framework/src/Illuminate/Pipeline/Pipeline.php(183): Illuminate/Foundation/Http/Middleware/ConvertEmptyStringsToNull->handle(Object(Illuminate/Http/Request), Object(Closure))
#36 C:/xampp/htdocs/kreditsathi/vendor/laravel/framework/src/Illuminate/Foundation/Http/Middleware/TransformsRequest.php(21): Illuminate/Pipeline/Pipeline->Illuminate/Pipeline/{closure}(Object(Illuminate/Http/Request))
#37 C:/xampp/htdocs/kreditsathi/vendor/laravel/framework/src/Illuminate/Foundation/Http/Middleware/TrimStrings.php(40): Illuminate/Foundation/Http/Middleware/TransformsRequest->handle(Object(Illuminate/Http/Request), Object(Closure))
#38 C:/xampp/htdocs/kreditsathi/vendor/laravel/framework/src/Illuminate/Pipeline/Pipeline.php(183): Illuminate/Foundation/Http/Middleware/TrimStrings->handle(Object(Illuminate/Http/Request), Object(Closure))
#39 C:/xampp/htdocs/kreditsathi/vendor/laravel/framework/src/Illuminate/Foundation/Http/Middleware/ValidatePostSize.php(27): Illuminate/Pipeline/Pipeline->Illuminate/Pipeline/{closure}(Object(Illuminate/Http/Request))
#40 C:/xampp/htdocs/kreditsathi/vendor/laravel/framework/src/Illuminate/Pipeline/Pipeline.php(183): Illuminate/Foundation/Http/Middleware/ValidatePostSize->handle(Object(Illuminate/Http/Request), Object(Closure))
#41 C:/xampp/htdocs/kreditsathi/vendor/laravel/framework/src/Illuminate/Foundation/Http/Middleware/PreventRequestsDuringMaintenance.php(99): Illuminate/Pipeline/Pipeline->Illuminate/Pipeline/{closure}(Object(Illuminate/Http/Request))
#42 C:/xampp/htdocs/kreditsathi/vendor/laravel/framework/src/Illuminate/Pipeline/Pipeline.php(183): Illuminate/Foundation/Http/Middleware/PreventRequestsDuringMaintenance->handle(Object(Illuminate/Http/Request), Object(Closure))
#43 C:/xampp/htdocs/kreditsathi/vendor/laravel/framework/src/Illuminate/Http/Middleware/HandleCors.php(49): Illuminate/Pipeline/Pipeline->Illuminate/Pipeline/{closure}(Object(Illuminate/Http/Request))
#44 C:/xampp/htdocs/kreditsathi/vendor/laravel/framework/src/Illuminate/Pipeline/Pipeline.php(183): Illuminate/Http/Middleware/HandleCors->handle(Object(Illuminate/Http/Request), Object(Closure))
#45 C:/xampp/htdocs/kreditsathi/vendor/laravel/framework/src/Illuminate/Http/Middleware/TrustProxies.php(39): Illuminate/Pipeline/Pipeline->Illuminate/Pipeline/{closure}(Object(Illuminate/Http/Request))
#46 C:/xampp/htdocs/kreditsathi/vendor/laravel/framework/src/Illuminate/Pipeline/Pipeline.php(183): Illuminate/Http/Middleware/TrustProxies->handle(Object(Illuminate/Http/Request), Object(Closure))
#47 C:/xampp/htdocs/kreditsathi/vendor/laravel/framework/src/Illuminate/Pipeline/Pipeline.php(119): Illuminate/Pipeline/Pipeline->Illuminate/Pipeline/{closure}(Object(Illuminate/Http/Request))
#48 C:/xampp/htdocs/kreditsathi/vendor/laravel/framework/src/Illuminate/Foundation/Http/Kernel.php(175): Illuminate/Pipeline/Pipeline->then(Object(Closure))
#49 C:/xampp/htdocs/kreditsathi/vendor/laravel/framework/src/Illuminate/Foundation/Http/Kernel.php(144): Illuminate/Foundation/Http/Kernel->sendRequestThroughRouter(Object(Illuminate/Http/Request))
#50 C:/xampp/htdocs/kreditsathi/index.php(51): Illuminate/Foundation/Http/Kernel->handle(Object(Illuminate/Http/Request))
#51 {main}

[previous exception] [object] (ErrorException(code: 0): Undefined variable $lists at C:/xampp/htdocs/kreditsathi/storage/framework/views/171a4cfc915d388c12f34ecdde7f5a8c.php:206)
[stacktrace]
#0 C:/xampp/htdocs/kreditsathi/vendor/laravel/framework/src/Illuminate/Foundation/Bootstrap/HandleExceptions.php(255): Illuminate/Foundation/Bootstrap/HandleExceptions->handleError(2, 'Undefined varia...', 'C://xampp//htdocs...', 206)
#1 C:/xampp/htdocs/kreditsathi/storage/framework/views/171a4cfc915d388c12f34ecdde7f5a8c.php(206): Illuminate/Foundation/Bootstrap/HandleExceptions->Illuminate/Foundation/Bootstrap/{closure}(2, 'Undefined varia...', 'C://xampp//htdocs...', 206)
#2 C:/xampp/htdocs/kreditsathi/vendor/laravel/framework/src/Illuminate/Filesystem/Filesystem.php(123): require('C://xampp//htdocs...')
#3 C:/xampp/htdocs/kreditsathi/vendor/laravel/framework/src/Illuminate/Filesystem/Filesystem.php(124): Illuminate/Filesystem/Filesystem::Illuminate/Filesystem/{closure}()
#4 C:/xampp/htdocs/kreditsathi/vendor/laravel/framework/src/Illuminate/View/Engines/PhpEngine.php(58): Illuminate/Filesystem/Filesystem->getRequire('C://xampp//htdocs...', Array)
#5 C:/xampp/htdocs/kreditsathi/vendor/laravel/framework/src/Illuminate/View/Engines/CompilerEngine.php(72): Illuminate/View/Engines/PhpEngine->evaluatePath('C://xampp//htdocs...', Array)
#6 C:/xampp/htdocs/kreditsathi/vendor/laravel/framework/src/Illuminate/View/View.php(207): Illuminate/View/Engines/CompilerEngine->get('C://xampp//htdocs...', Array)
#7 C:/xampp/htdocs/kreditsathi/vendor/laravel/framework/src/Illuminate/View/View.php(190): Illuminate/View/View->getContents()
#8 C:/xampp/htdocs/kreditsathi/vendor/laravel/framework/src/Illuminate/View/View.php(159): Illuminate/View/View->renderContents()
#9 C:/xampp/htdocs/kreditsathi/vendor/laravel/framework/src/Illuminate/Http/Response.php(69): Illuminate/View/View->render()
#10 C:/xampp/htdocs/kreditsathi/vendor/laravel/framework/src/Illuminate/Http/Response.php(35): Illuminate/Http/Response->setContent(Object(Illuminate/View/View))
#11 C:/xampp/htdocs/kreditsathi/vendor/laravel/framework/src/Illuminate/Routing/Router.php(918): Illuminate/Http/Response->__construct(Object(Illuminate/View/View), 200, Array)
#12 C:/xampp/htdocs/kreditsathi/vendor/laravel/framework/src/Illuminate/Routing/Router.php(885): Illuminate/Routing/Router::toResponse(Object(Illuminate/Http/Request), Object(Illuminate/View/View))
#13 C:/xampp/htdocs/kreditsathi/vendor/laravel/framework/src/Illuminate/Routing/Router.php(805): Illuminate/Routing/Router->prepareResponse(Object(Illuminate/Http/Request), Object(Illuminate/View/View))
#14 C:/xampp/htdocs/kreditsathi/vendor/laravel/framework/src/Illuminate/Pipeline/Pipeline.php(144): Illuminate/Routing/Router->Illuminate/Routing/{closure}(Object(Illuminate/Http/Request))
#15 C:/xampp/htdocs/kreditsathi/vendor/laravel/framework/src/Illuminate/Routing/Middleware/SubstituteBindings.php(50): Illuminate/Pipeline/Pipeline->Illuminate/Pipeline/{closure}(Object(Illuminate/Http/Request))
#16 C:/xampp/htdocs/kreditsathi/vendor/laravel/framework/src/Illuminate/Pipeline/Pipeline.php(183): Illuminate/Routing/Middleware/SubstituteBindings->handle(Object(Illuminate/Http/Request), Object(Closure))
#17 C:/xampp/htdocs/kreditsathi/vendor/laravel/framework/src/Illuminate/Foundation/Http/Middleware/VerifyCsrfToken.php(78): Illuminate/Pipeline/Pipeline->Illuminate/Pipeline/{closure}(Object(Illuminate/Http/Request))
#18 C:/xampp/htdocs/kreditsathi/vendor/laravel/framework/src/Illuminate/Pipeline/Pipeline.php(183): Illuminate/Foundation/Http/Middleware/VerifyCsrfToken->handle(Object(Illuminate/Http/Request), Object(Closure))
#19 C:/xampp/htdocs/kreditsathi/vendor/laravel/framework/src/Illuminate/View/Middleware/ShareErrorsFromSession.php(49): Illuminate/Pipeline/Pipeline->Illuminate/Pipeline/{closure}(Object(Illuminate/Http/Request))
#20 C:/xampp/htdocs/kreditsathi/vendor/laravel/framework/src/Illuminate/Pipeline/Pipeline.php(183): Illuminate/View/Middleware/ShareErrorsFromSession->handle(Object(Illuminate/Http/Request), Object(Closure))
#21 C:/xampp/htdocs/kreditsathi/vendor/laravel/framework/src/Illuminate/Session/Middleware/StartSession.php(121): Illuminate/Pipeline/Pipeline->Illuminate/Pipeline/{closure}(Object(Illuminate/Http/Request))
#22 C:/xampp/htdocs/kreditsathi/vendor/laravel/framework/src/Illuminate/Session/Middleware/StartSession.php(64): Illuminate/Session/Middleware/StartSession->handleStatefulRequest(Object(Illuminate/Http/Request), Object(Illuminate/Session/Store), Object(Closure))
#23 C:/xampp/htdocs/kreditsathi/vendor/laravel/framework/src/Illuminate/Pipeline/Pipeline.php(183): Illuminate/Session/Middleware/StartSession->handle(Object(Illuminate/Http/Request), Object(Closure))
#24 C:/xampp/htdocs/kreditsathi/vendor/laravel/framework/src/Illuminate/Cookie/Middleware/AddQueuedCookiesToResponse.php(37): Illuminate/Pipeline/Pipeline->Illuminate/Pipeline/{closure}(Object(Illuminate/Http/Request))
#25 C:/xampp/htdocs/kreditsathi/vendor/laravel/framework/src/Illuminate/Pipeline/Pipeline.php(183): Illuminate/Cookie/Middleware/AddQueuedCookiesToResponse->handle(Object(Illuminate/Http/Request), Object(Closure))
#26 C:/xampp/htdocs/kreditsathi/vendor/laravel/framework/src/Illuminate/Cookie/Middleware/EncryptCookies.php(67): Illuminate/Pipeline/Pipeline->Illuminate/Pipeline/{closure}(Object(Illuminate/Http/Request))
#27 C:/xampp/htdocs/kreditsathi/vendor/laravel/framework/src/Illuminate/Pipeline/Pipeline.php(183): Illuminate/Cookie/Middleware/EncryptCookies->handle(Object(Illuminate/Http/Request), Object(Closure))
#28 C:/xampp/htdocs/kreditsathi/vendor/laravel/framework/src/Illuminate/Pipeline/Pipeline.php(119): Illuminate/Pipeline/Pipeline->Illuminate/Pipeline/{closure}(Object(Illuminate/Http/Request))
#29 C:/xampp/htdocs/kreditsathi/vendor/laravel/framework/src/Illuminate/Routing/Router.php(805): Illuminate/Pipeline/Pipeline->then(Object(Closure))
#30 C:/xampp/htdocs/kreditsathi/vendor/laravel/framework/src/Illuminate/Routing/Router.php(784): Illuminate/Routing/Router->runRouteWithinStack(Object(Illuminate/Routing/Route), Object(Illuminate/Http/Request))
#31 C:/xampp/htdocs/kreditsathi/vendor/laravel/framework/src/Illuminate/Routing/Router.php(748): Illuminate/Routing/Router->runRoute(Object(Illuminate/Http/Request), Object(Illuminate/Routing/Route))
#32 C:/xampp/htdocs/kreditsathi/vendor/laravel/framework/src/Illuminate/Routing/Router.php(737): Illuminate/Routing/Router->dispatchToRoute(Object(Illuminate/Http/Request))
#33 C:/xampp/htdocs/kreditsathi/vendor/laravel/framework/src/Illuminate/Foundation/Http/Kernel.php(200): Illuminate/Routing/Router->dispatch(Object(Illuminate/Http/Request))
#34 C:/xampp/htdocs/kreditsathi/vendor/laravel/framework/src/Illuminate/Pipeline/Pipeline.php(144): Illuminate/Foundation/Http/Kernel->Illuminate/Foundation/Http/{closure}(Object(Illuminate/Http/Request))
#35 C:/xampp/htdocs/kreditsathi/vendor/laravel/framework/src/Illuminate/Foundation/Http/Middleware/TransformsRequest.php(21): Illuminate/Pipeline/Pipeline->Illuminate/Pipeline/{closure}(Object(Illuminate/Http/Request))
#36 C:/xampp/htdocs/kreditsathi/vendor/laravel/framework/src/Illuminate/Foundation/Http/Middleware/ConvertEmptyStringsToNull.php(31): Illuminate/Foundation/Http/Middleware/TransformsRequest->handle(Object(Illuminate/Http/Request), Object(Closure))
#37 C:/xampp/htdocs/kreditsathi/vendor/laravel/framework/src/Illuminate/Pipeline/Pipeline.php(183): Illuminate/Foundation/Http/Middleware/ConvertEmptyStringsToNull->handle(Object(Illuminate/Http/Request), Object(Closure))
#38 C:/xampp/htdocs/kreditsathi/vendor/laravel/framework/src/Illuminate/Foundation/Http/Middleware/TransformsRequest.php(21): Illuminate/Pipeline/Pipeline->Illuminate/Pipeline/{closure}(Object(Illuminate/Http/Request))
#39 C:/xampp/htdocs/kreditsathi/vendor/laravel/framework/src/Illuminate/Foundation/Http/Middleware/TrimStrings.php(40): Illuminate/Foundation/Http/Middleware/TransformsRequest->handle(Object(Illuminate/Http/Request), Object(Closure))
#40 C:/xampp/htdocs/kreditsathi/vendor/laravel/framework/src/Illuminate/Pipeline/Pipeline.php(183): Illuminate/Foundation/Http/Middleware/TrimStrings->handle(Object(Illuminate/Http/Request), Object(Closure))
#41 C:/xampp/htdocs/kreditsathi/vendor/laravel/framework/src/Illuminate/Foundation/Http/Middleware/ValidatePostSize.php(27): Illuminate/Pipeline/Pipeline->Illuminate/Pipeline/{closure}(Object(Illuminate/Http/Request))
#42 C:/xampp/htdocs/kreditsathi/vendor/laravel/framework/src/Illuminate/Pipeline/Pipeline.php(183): Illuminate/Foundation/Http/Middleware/ValidatePostSize->handle(Object(Illuminate/Http/Request), Object(Closure))
#43 C:/xampp/htdocs/kreditsathi/vendor/laravel/framework/src/Illuminate/Foundation/Http/Middleware/PreventRequestsDuringMaintenance.php(99): Illuminate/Pipeline/Pipeline->Illuminate/Pipeline/{closure}(Object(Illuminate/Http/Request))
#44 C:/xampp/htdocs/kreditsathi/vendor/laravel/framework/src/Illuminate/Pipeline/Pipeline.php(183): Illuminate/Foundation/Http/Middleware/PreventRequestsDuringMaintenance->handle(Object(Illuminate/Http/Request), Object(Closure))
#45 C:/xampp/htdocs/kreditsathi/vendor/laravel/framework/src/Illuminate/Http/Middleware/HandleCors.php(49): Illuminate/Pipeline/Pipeline->Illuminate/Pipeline/{closure}(Object(Illuminate/Http/Request))
#46 C:/xampp/htdocs/kreditsathi/vendor/laravel/framework/src/Illuminate/Pipeline/Pipeline.php(183): Illuminate/Http/Middleware/HandleCors->handle(Object(Illuminate/Http/Request), Object(Closure))
#47 C:/xampp/htdocs/kreditsathi/vendor/laravel/framework/src/Illuminate/Http/Middleware/TrustProxies.php(39): Illuminate/Pipeline/Pipeline->Illuminate/Pipeline/{closure}(Object(Illuminate/Http/Request))
#48 C:/xampp/htdocs/kreditsathi/vendor/laravel/framework/src/Illuminate/Pipeline/Pipeline.php(183): Illuminate/Http/Middleware/TrustProxies->handle(Object(Illuminate/Http/Request), Object(Closure))
#49 C:/xampp/htdocs/kreditsathi/vendor/laravel/framework/src/Illuminate/Pipeline/Pipeline.php(119): Illuminate/Pipeline/Pipeline->Illuminate/Pipeline/{closure}(Object(Illuminate/Http/Request))
#50 C:/xampp/htdocs/kreditsathi/vendor/laravel/framework/src/Illuminate/Foundation/Http/Kernel.php(175): Illuminate/Pipeline/Pipeline->then(Object(Closure))
#51 C:/xampp/htdocs/kreditsathi/vendor/laravel/framework/src/Illuminate/Foundation/Http/Kernel.php(144): Illuminate/Foundation/Http/Kernel->sendRequestThroughRouter(Object(Illuminate/Http/Request))
#52 C:/xampp/htdocs/kreditsathi/index.php(51): Illuminate/Foundation/Http/Kernel->handle(Object(Illuminate/Http/Request))
#53 {main}
"} 
[2026-08-29 15:26:54] local.INFO: otp sms message : Hello, the https://kreditsathi.com OTP for your mobile number registration is 1938. Kindly do not share it with anyone. Thanks, Kreditsathi  
[2026-08-29 15:26:54] local.INFO: sms api_url : http://m.onlinebusinessbazaar.in/sendsms.jsp?user=kredsthi&password=c5df69c3e4XX&senderid=#&mobiles=6787878787&sms=Hello%2C+the+https%3A%2F%2Fkreditsathi.com+OTP+for+your+mobile+number+registration+is+1938.+Kindly+do+not+share+it+with+anyone.+Thanks%2C+Kreditsathi  
[2026-08-29 15:26:58] local.INFO: otp sms response : 
<smslist>
<sms>
<status>error</status>
<code>1005</code>
<reason>SMSContentCannotBeBlank</reason>
<clientsmsid></clientsmsid>
<messageid>-1</messageid>
<mobileno>0</mobileno>
</sms>
</smslist>
  
[2026-08-29 15:30:03] local.INFO: otp sms message : Hello, the https://kreditsathi.com OTP for your mobile number registration is 6770. Kindly do not share it with anyone. Thanks, Kreditsathi  
[2026-08-29 15:30:03] local.INFO: sms api_url : http://m.onlinebusinessbazaar.in/sendsms.jsp?user=kredsthi&password=c5df69c3e4XX&senderid=#&mobiles=9878787878&sms=Hello%2C+the+https%3A%2F%2Fkreditsathi.com+OTP+for+your+mobile+number+registration+is+6770.+Kindly+do+not+share+it+with+anyone.+Thanks%2C+Kreditsathi  
[2026-08-29 15:30:03] local.INFO: otp sms response : 
<smslist>
<sms>
<status>error</status>
<code>1005</code>
<reason>SMSContentCannotBeBlank</reason>
<clientsmsid></clientsmsid>
<messageid>-1</messageid>
<mobileno>0</mobileno>
</sms>
</smslist>
  
[2026-08-29 15:50:23] local.INFO: otp sms message : Hello, the https://kreditsathi.com OTP for your mobile number registration is 3930. Kindly do not share it with anyone. Thanks, Kreditsathi  
[2026-08-29 15:50:23] local.INFO: sms api_url : http://m.onlinebusinessbazaar.in/sendsms.jsp?user=kredsthi&password=c5df69c3e4XX&senderid=#&mobiles=9789788787&sms=Hello%2C+the+https%3A%2F%2Fkreditsathi.com+OTP+for+your+mobile+number+registration+is+3930.+Kindly+do+not+share+it+with+anyone.+Thanks%2C+Kreditsathi  
[2026-08-29 15:50:23] local.INFO: otp sms response : 
<smslist>
<sms>
<status>error</status>
<code>1005</code>
<reason>SMSContentCannotBeBlank</reason>
<clientsmsid></clientsmsid>
<messageid>-1</messageid>
<mobileno>0</mobileno>
</sms>
</smslist>
  
[2026-08-29 16:06:15] local.INFO: Interakt User_track Request {"phoneNumber":"9789788787","countryCode":"+91","traits":{"name":"Sasa SAA"},"tags":["Self Get Offer"]} 
[2026-08-29 16:06:15] local.INFO: Interakt User_track Response {"response":"{\"result\":false,\"message\":\"You don't have an active subscription on Interakt\"}"} 
[2026-08-29 16:06:16] local.INFO: Interakt Event_track Request {"phoneNumber":"9789788787","countryCode":"+91","event":"Self Get Offer","traits":{"SelfEligibleAmount":875000.0}} 
[2026-08-29 16:06:16] local.INFO: Interakt Event_track Response {"response":"{\"result\":false,\"message\":\"You don't have an active subscription on Interakt\"}"} 
[2026-08-29 16:08:02] local.INFO: Interakt User_track Request {"phoneNumber":"9789788787","countryCode":"+91","traits":{"name":"Sasa SAA"},"tags":["Self Get Offer"]} 
[2026-08-29 16:08:02] local.INFO: Interakt User_track Response {"response":"{\"result\":false,\"message\":\"You don't have an active subscription on Interakt\"}"} 
[2026-08-29 16:08:03] local.INFO: Interakt Event_track Request {"phoneNumber":"9789788787","countryCode":"+91","event":"Self Get Offer","traits":{"SelfEligibleAmount":875000.0}} 
[2026-08-29 16:08:03] local.INFO: Interakt Event_track Response {"response":"{\"result\":false,\"message\":\"You don't have an active subscription on Interakt\"}"} 
[2026-08-29 16:08:51] local.INFO: Interakt User_track Request {"phoneNumber":"9789788787","countryCode":"+91","traits":{"name":"Sasa SAA"},"tags":["Self Get Offer"]} 
[2026-08-29 16:08:51] local.INFO: Interakt User_track Response {"response":"{\"result\":false,\"message\":\"You don't have an active subscription on Interakt\"}"} 
[2026-08-29 16:08:51] local.INFO: Interakt Event_track Request {"phoneNumber":"9789788787","countryCode":"+91","event":"Self Get Offer","traits":{"SelfEligibleAmount":875000.0}} 
[2026-08-29 16:08:51] local.INFO: Interakt Event_track Response {"response":"{\"result\":false,\"message\":\"You don't have an active subscription on Interakt\"}"} 
[2026-08-29 16:10:04] local.INFO: Interakt User_track Request {"phoneNumber":"9789788787","countryCode":"+91","traits":{"name":"Sasa SAA"},"tags":["Self Get Offer"]} 
[2026-08-29 16:10:04] local.INFO: Interakt User_track Response {"response":"{\"result\":false,\"message\":\"You don't have an active subscription on Interakt\"}"} 
[2026-08-29 16:10:04] local.INFO: Interakt Event_track Request {"phoneNumber":"9789788787","countryCode":"+91","event":"Self Get Offer","traits":{"SelfEligibleAmount":875000.0}} 
[2026-08-29 16:10:04] local.INFO: Interakt Event_track Response {"response":"{\"result\":false,\"message\":\"You don't have an active subscription on Interakt\"}"} 
[2026-08-29 16:10:17] local.INFO: Interakt User_track Request {"phoneNumber":"9789788787","countryCode":"+91","traits":{"name":"Sasa SAA"},"tags":["Self Get Offer"]} 
[2026-08-29 16:10:17] local.INFO: Interakt User_track Response {"response":"{\"result\":false,\"message\":\"You don't have an active subscription on Interakt\"}"} 
[2026-08-29 16:10:18] local.INFO: Interakt Event_track Request {"phoneNumber":"9789788787","countryCode":"+91","event":"Self Get Offer","traits":{"SelfEligibleAmount":875000.0}} 
[2026-08-29 16:10:18] local.INFO: Interakt Event_track Response {"response":"{\"result\":false,\"message\":\"You don't have an active subscription on Interakt\"}"} 
[2026-08-29 16:10:31] local.INFO: Interakt User_track Request {"phoneNumber":"9789788787","countryCode":"+91","traits":{"name":"Sasa SAA"},"tags":["Self Get Offer"]} 
[2026-08-29 16:10:31] local.INFO: Interakt User_track Response {"response":"{\"result\":false,\"message\":\"You don't have an active subscription on Interakt\"}"} 
[2026-08-29 16:10:31] local.INFO: Interakt Event_track Request {"phoneNumber":"9789788787","countryCode":"+91","event":"Self Get Offer","traits":{"SelfEligibleAmount":875000.0}} 
[2026-08-29 16:10:31] local.INFO: Interakt Event_track Response {"response":"{\"result\":false,\"message\":\"You don't have an active subscription on Interakt\"}"} 
[2026-08-29 16:10:39] local.INFO: Interakt User_track Request {"phoneNumber":"9789788787","countryCode":"+91","traits":{"name":"Sasa SAA"},"tags":["Self Get Offer"]} 
[2026-08-29 16:10:39] local.INFO: Interakt User_track Response {"response":"{\"result\":false,\"message\":\"You don't have an active subscription on Interakt\"}"} 
[2026-08-29 16:10:40] local.INFO: Interakt Event_track Request {"phoneNumber":"9789788787","countryCode":"+91","event":"Self Get Offer","traits":{"SelfEligibleAmount":875000.0}} 
[2026-08-29 16:10:40] local.INFO: Interakt Event_track Response {"response":"{\"result\":false,\"message\":\"You don't have an active subscription on Interakt\"}"} 
[2026-08-29 16:15:04] local.INFO: otp sms message : Hello, the https://kreditsathi.com OTP for your mobile number registration is 7678. Kindly do not share it with anyone. Thanks, Kreditsathi  
[2026-08-29 16:15:04] local.INFO: sms api_url : http://m.onlinebusinessbazaar.in/sendsms.jsp?user=kredsthi&password=c5df69c3e4XX&senderid=#&mobiles=9798878787&sms=Hello%2C+the+https%3A%2F%2Fkreditsathi.com+OTP+for+your+mobile+number+registration+is+7678.+Kindly+do+not+share+it+with+anyone.+Thanks%2C+Kreditsathi  
[2026-08-29 16:15:04] local.INFO: otp sms response : 
<smslist>
<sms>
<status>error</status>
<code>1005</code>
<reason>SMSContentCannotBeBlank</reason>
<clientsmsid></clientsmsid>
<messageid>-1</messageid>
<mobileno>0</mobileno>
</sms>
</smslist>
  
[2026-08-29 16:17:17] local.INFO: Interakt User_track Request {"phoneNumber":"9798878787","countryCode":"+91","traits":{"name":"Mjhh Jgjg"},"tags":["Self Get Offer"]} 
[2026-08-29 16:17:17] local.INFO: Interakt User_track Response {"response":"{\"result\":false,\"message\":\"You don't have an active subscription on Interakt\"}"} 
[2026-08-29 16:17:17] local.INFO: Interakt Event_track Request {"phoneNumber":"9798878787","countryCode":"+91","event":"Self Get Offer","traits":{"SelfEligibleAmount":875000.0}} 
[2026-08-29 16:17:17] local.INFO: Interakt Event_track Response {"response":"{\"result\":false,\"message\":\"You don't have an active subscription on Interakt\"}"} 
[2026-08-29 16:19:58] local.INFO: Interakt User_track Request {"phoneNumber":"9798878787","countryCode":"+91","traits":{"name":"Mjhh Jgjg"},"tags":["Self Get Offer"]} 
[2026-08-29 16:19:58] local.INFO: Interakt User_track Response {"response":"{\"result\":false,\"message\":\"You don't have an active subscription on Interakt\"}"} 
[2026-08-29 16:19:59] local.INFO: Interakt Event_track Request {"phoneNumber":"9798878787","countryCode":"+91","event":"Self Get Offer","traits":{"SelfEligibleAmount":875000.0}} 
[2026-08-29 16:19:59] local.INFO: Interakt Event_track Response {"response":"{\"result\":false,\"message\":\"You don't have an active subscription on Interakt\"}"} 
[2026-08-29 16:20:03] local.INFO: Interakt User_track Request {"phoneNumber":"9798878787","countryCode":"+91","traits":{"name":"Mjhh Jgjg"},"tags":["Self Get Offer"]} 
[2026-08-29 16:20:03] local.INFO: Interakt User_track Response {"response":"{\"result\": false, \"message\": \"Invalid token provided\"}"} 
[2026-08-29 16:20:03] local.INFO: Interakt Event_track Request {"phoneNumber":"9798878787","countryCode":"+91","event":"Self Get Offer","traits":{"SelfEligibleAmount":875000.0}} 
[2026-08-29 16:20:03] local.INFO: Interakt Event_track Response {"response":"{\"result\": false, \"message\": \"Invalid token provided\"}"} 
[2026-08-29 16:20:28] local.INFO: Interakt User_track Request {"phoneNumber":"9798878787","countryCode":"+91","traits":{"name":"Mjhh Jgjg"},"tags":["Self Get Offer"]} 
[2026-08-29 16:20:28] local.INFO: Interakt User_track Response {"response":"{\"result\":false,\"message\":\"You don't have an active subscription on Interakt\"}"} 
[2026-08-29 16:20:28] local.INFO: Interakt Event_track Request {"phoneNumber":"9798878787","countryCode":"+91","event":"Self Get Offer","traits":{"SelfEligibleAmount":875000.0}} 
[2026-08-29 16:20:28] local.INFO: Interakt Event_track Response {"response":"{\"result\":false,\"message\":\"You don't have an active subscription on Interakt\"}"} 
[2026-08-29 16:20:47] local.INFO: Interakt User_track Request {"phoneNumber":"9798878787","countryCode":"+91","traits":{"name":"Mjhh Jgjg"},"tags":["Self Get Offer"]} 
[2026-08-29 16:20:47] local.INFO: Interakt User_track Response {"response":"{\"result\":false,\"message\":\"You don't have an active subscription on Interakt\"}"} 
[2026-08-29 16:20:47] local.INFO: Interakt Event_track Request {"phoneNumber":"9798878787","countryCode":"+91","event":"Self Get Offer","traits":{"SelfEligibleAmount":875000.0}} 
[2026-08-29 16:20:47] local.INFO: Interakt Event_track Response {"response":"{\"result\":false,\"message\":\"You don't have an active subscription on Interakt\"}"} 
[2026-08-29 16:21:08] local.INFO: Interakt User_track Request {"phoneNumber":"9798878787","countryCode":"+91","traits":{"name":"Mjhh Jgjg"},"tags":["Self Get Offer"]} 
[2026-08-29 16:21:08] local.INFO: Interakt User_track Response {"response":"{\"result\":false,\"message\":\"You don't have an active subscription on Interakt\"}"} 
[2026-08-29 16:21:08] local.INFO: Interakt Event_track Request {"phoneNumber":"9798878787","countryCode":"+91","event":"Self Get Offer","traits":{"SelfEligibleAmount":875000.0}} 
[2026-08-29 16:21:08] local.INFO: Interakt Event_track Response {"response":"{\"result\":false,\"message\":\"You don't have an active subscription on Interakt\"}"} 
[2026-08-29 16:22:09] local.INFO: otp sms message : Hello, the https://kreditsathi.com OTP for your mobile number registration is 3701. Kindly do not share it with anyone. Thanks, Kreditsathi  
[2026-08-29 16:22:09] local.INFO: sms api_url : http://m.onlinebusinessbazaar.in/sendsms.jsp?user=kredsthi&password=c5df69c3e4XX&senderid=#&mobiles=9878978787&sms=Hello%2C+the+https%3A%2F%2Fkreditsathi.com+OTP+for+your+mobile+number+registration+is+3701.+Kindly+do+not+share+it+with+anyone.+Thanks%2C+Kreditsathi  
[2026-08-29 16:22:09] local.INFO: otp sms response : 
<smslist>
<sms>
<status>error</status>
<code>1005</code>
<reason>SMSContentCannotBeBlank</reason>
<clientsmsid></clientsmsid>
<messageid>-1</messageid>
<mobileno>0</mobileno>
</sms>
</smslist>
  
[2026-08-29 16:31:05] local.INFO: Interakt User_track Request {"phoneNumber":"9878978787","countryCode":"+91","traits":{"name":"Rfsefr Fdsfsd"},"tags":["Self Get Offer"]} 
[2026-08-29 16:31:05] local.INFO: Interakt User_track Response {"response":"{\"result\":false,\"message\":\"You don't have an active subscription on Interakt\"}"} 
[2026-08-29 16:31:06] local.INFO: Interakt Event_track Request {"phoneNumber":"9878978787","countryCode":"+91","event":"Self Get Offer","traits":{"SelfEligibleAmount":875000.0}} 
[2026-08-29 16:31:06] local.INFO: Interakt Event_track Response {"response":"{\"result\":false,\"message\":\"You don't have an active subscription on Interakt\"}"} 
[2026-08-29 16:31:38] local.INFO: Interakt User_track Request {"phoneNumber":"9878978787","countryCode":"+91","traits":{"name":"Rfsefr Fdsfsd"},"tags":["Self Get Offer"]} 
[2026-08-29 16:31:38] local.INFO: Interakt User_track Response {"response":"{\"result\":false,\"message\":\"You don't have an active subscription on Interakt\"}"} 
[2026-08-29 16:31:39] local.INFO: Interakt Event_track Request {"phoneNumber":"9878978787","countryCode":"+91","event":"Self Get Offer","traits":{"SelfEligibleAmount":875000.0}} 
[2026-08-29 16:31:39] local.INFO: Interakt Event_track Response {"response":"{\"result\":false,\"message\":\"You don't have an active subscription on Interakt\"}"} 
[2026-08-29 16:32:08] local.INFO: Interakt User_track Request {"phoneNumber":"9878978787","countryCode":"+91","traits":{"name":"Rfsefr Fdsfsd"},"tags":["Self Get Offer"]} 
[2026-08-29 16:32:08] local.INFO: Interakt User_track Response {"response":"{\"result\":false,\"message\":\"You don't have an active subscription on Interakt\"}"} 
[2026-08-29 16:32:08] local.INFO: Interakt Event_track Request {"phoneNumber":"9878978787","countryCode":"+91","event":"Self Get Offer","traits":{"SelfEligibleAmount":875000.0}} 
[2026-08-29 16:32:08] local.INFO: Interakt Event_track Response {"response":"{\"result\":false,\"message\":\"You don't have an active subscription on Interakt\"}"} 
[2026-08-29 16:32:55] local.INFO: Interakt User_track Request {"phoneNumber":"9878978787","countryCode":"+91","traits":{"name":"Rfsefr Fdsfsd"},"tags":["Self Get Offer"]} 
[2026-08-29 16:32:55] local.INFO: Interakt User_track Response {"response":"{\"result\":false,\"message\":\"You don't have an active subscription on Interakt\"}"} 
[2026-08-29 16:32:55] local.INFO: Interakt Event_track Request {"phoneNumber":"9878978787","countryCode":"+91","event":"Self Get Offer","traits":{"SelfEligibleAmount":875000.0}} 
[2026-08-29 16:32:55] local.INFO: Interakt Event_track Response {"response":"{\"result\":false,\"message\":\"You don't have an active subscription on Interakt\"}"} 
[2026-08-29 16:33:33] local.INFO: Interakt User_track Request {"phoneNumber":"9878978787","countryCode":"+91","traits":{"name":"Rfsefr Fdsfsd"},"tags":["Self Get Offer"]} 
[2026-08-29 16:33:33] local.INFO: Interakt User_track Response {"response":"{\"result\":false,\"message\":\"You don't have an active subscription on Interakt\"}"} 
[2026-08-29 16:33:33] local.INFO: Interakt Event_track Request {"phoneNumber":"9878978787","countryCode":"+91","event":"Self Get Offer","traits":{"SelfEligibleAmount":875000.0}} 
[2026-08-29 16:33:33] local.INFO: Interakt Event_track Response {"response":"{\"result\":false,\"message\":\"You don't have an active subscription on Interakt\"}"} 
[2026-08-29 16:35:43] local.INFO: Interakt User_track Request {"phoneNumber":"9878978787","countryCode":"+91","traits":{"name":"Rfsefr Fdsfsd"},"tags":["Self Get Offer"]} 
[2026-08-29 16:35:43] local.INFO: Interakt User_track Response {"response":"{\"result\":false,\"message\":\"You don't have an active subscription on Interakt\"}"} 
[2026-08-29 16:35:44] local.INFO: Interakt Event_track Request {"phoneNumber":"9878978787","countryCode":"+91","event":"Self Get Offer","traits":{"SelfEligibleAmount":875000.0}} 
[2026-08-29 16:35:44] local.INFO: Interakt Event_track Response {"response":"{\"result\":false,\"message\":\"You don't have an active subscription on Interakt\"}"} 
[2026-08-29 16:36:40] local.INFO: Interakt User_track Request {"phoneNumber":"9878978787","countryCode":"+91","traits":{"name":"Rfsefr Fdsfsd"},"tags":["Self Get Offer"]} 
[2026-08-29 16:36:40] local.INFO: Interakt User_track Response {"response":"{\"result\":false,\"message\":\"You don't have an active subscription on Interakt\"}"} 
[2026-08-29 16:36:40] local.INFO: Interakt Event_track Request {"phoneNumber":"9878978787","countryCode":"+91","event":"Self Get Offer","traits":{"SelfEligibleAmount":875000.0}} 
[2026-08-29 16:36:40] local.INFO: Interakt Event_track Response {"response":"{\"result\":false,\"message\":\"You don't have an active subscription on Interakt\"}"} 
[2026-08-29 16:37:19] local.INFO: Interakt User_track Request {"phoneNumber":"9878978787","countryCode":"+91","traits":{"name":"Rfsefr Fdsfsd"},"tags":["Self Get Offer"]} 
[2026-08-29 16:37:19] local.INFO: Interakt User_track Response {"response":"{\"result\":false,\"message\":\"You don't have an active subscription on Interakt\"}"} 
[2026-08-29 16:37:19] local.INFO: Interakt Event_track Request {"phoneNumber":"9878978787","countryCode":"+91","event":"Self Get Offer","traits":{"SelfEligibleAmount":875000.0}} 
[2026-08-29 16:37:19] local.INFO: Interakt Event_track Response {"response":"{\"result\": false, \"message\": \"Invalid token provided\"}"} 
[2026-08-29 16:37:23] local.INFO: Interakt User_track Request {"phoneNumber":"9878978787","countryCode":"+91","traits":{"name":"Rfsefr Fdsfsd"},"tags":["Self Get Offer"]} 
[2026-08-29 16:37:23] local.INFO: Interakt User_track Response {"response":"{\"result\":false,\"message\":\"You don't have an active subscription on Interakt\"}"} 
[2026-08-29 16:37:24] local.INFO: Interakt Event_track Request {"phoneNumber":"9878978787","countryCode":"+91","event":"Self Get Offer","traits":{"SelfEligibleAmount":875000.0}} 
[2026-08-29 16:37:24] local.INFO: Interakt Event_track Response {"response":"{\"result\":false,\"message\":\"You don't have an active subscription on Interakt\"}"} 
[2026-08-29 16:38:25] local.INFO: Interakt User_track Request {"phoneNumber":"9878978787","countryCode":"+91","traits":{"name":"Rfsefr Fdsfsd"},"tags":["Self Get Offer"]} 
[2026-08-29 16:38:25] local.INFO: Interakt User_track Response {"response":"{\"result\":false,\"message\":\"You don't have an active subscription on Interakt\"}"} 
[2026-08-29 16:38:26] local.INFO: Interakt Event_track Request {"phoneNumber":"9878978787","countryCode":"+91","event":"Self Get Offer","traits":{"SelfEligibleAmount":875000.0}} 
[2026-08-29 16:38:26] local.INFO: Interakt Event_track Response {"response":"{\"result\":false,\"message\":\"You don't have an active subscription on Interakt\"}"} 
[2026-08-29 16:38:38] local.INFO: Interakt User_track Request {"phoneNumber":"9878978787","countryCode":"+91","traits":{"name":"Rfsefr Fdsfsd"},"tags":["Self Get Offer"]} 
[2026-08-29 16:38:38] local.INFO: Interakt User_track Response {"response":"{\"result\":false,\"message\":\"You don't have an active subscription on Interakt\"}"} 
[2026-08-29 16:38:39] local.INFO: Interakt Event_track Request {"phoneNumber":"9878978787","countryCode":"+91","event":"Self Get Offer","traits":{"SelfEligibleAmount":875000.0}} 
[2026-08-29 16:38:39] local.INFO: Interakt Event_track Response {"response":"{\"result\":false,\"message\":\"You don't have an active subscription on Interakt\"}"} 
[2026-08-29 16:38:54] local.INFO: Interakt User_track Request {"phoneNumber":"9878978787","countryCode":"+91","traits":{"name":"Rfsefr Fdsfsd"},"tags":["Self Get Offer"]} 
[2026-08-29 16:38:54] local.INFO: Interakt User_track Response {"response":"{\"result\":false,\"message\":\"You don't have an active subscription on Interakt\"}"} 
[2026-08-29 16:38:55] local.INFO: Interakt Event_track Request {"phoneNumber":"9878978787","countryCode":"+91","event":"Self Get Offer","traits":{"SelfEligibleAmount":875000.0}} 
[2026-08-29 16:38:55] local.INFO: Interakt Event_track Response {"response":"{\"result\":false,\"message\":\"You don't have an active subscription on Interakt\"}"} 
[2026-08-29 16:40:29] local.INFO: Interakt User_track Request {"phoneNumber":"9878978787","countryCode":"+91","traits":{"name":"Rfsefr Fdsfsd"},"tags":["Self Get Offer"]} 
[2026-08-29 16:40:29] local.INFO: Interakt User_track Response {"response":"{\"result\":false,\"message\":\"You don't have an active subscription on Interakt\"}"} 
[2026-08-29 16:40:30] local.INFO: Interakt Event_track Request {"phoneNumber":"9878978787","countryCode":"+91","event":"Self Get Offer","traits":{"SelfEligibleAmount":875000.0}} 
[2026-08-29 16:40:30] local.INFO: Interakt Event_track Response {"response":"{\"result\":false,\"message\":\"You don't have an active subscription on Interakt\"}"} 
[2026-08-29 16:40:49] local.INFO: Interakt User_track Request {"phoneNumber":"9878978787","countryCode":"+91","traits":{"name":"Rfsefr Fdsfsd"},"tags":["Self Get Offer"]} 
[2026-08-29 16:40:49] local.INFO: Interakt User_track Response {"response":"{\"result\":false,\"message\":\"You don't have an active subscription on Interakt\"}"} 
[2026-08-29 16:40:49] local.INFO: Interakt Event_track Request {"phoneNumber":"9878978787","countryCode":"+91","event":"Self Get Offer","traits":{"SelfEligibleAmount":875000.0}} 
[2026-08-29 16:40:49] local.INFO: Interakt Event_track Response {"response":"{\"result\":false,\"message\":\"You don't have an active subscription on Interakt\"}"} 
[2026-08-29 16:40:54] local.INFO: Interakt User_track Request {"phoneNumber":"9878978787","countryCode":"+91","traits":{"name":"Rfsefr Fdsfsd"},"tags":["Self Get Offer"]} 
[2026-08-29 16:40:54] local.INFO: Interakt User_track Response {"response":"{\"result\":false,\"message\":\"You don't have an active subscription on Interakt\"}"} 
[2026-08-29 16:40:55] local.INFO: Interakt Event_track Request {"phoneNumber":"9878978787","countryCode":"+91","event":"Self Get Offer","traits":{"SelfEligibleAmount":875000.0}} 
[2026-08-29 16:40:55] local.INFO: Interakt Event_track Response {"response":"{\"result\":false,\"message\":\"You don't have an active subscription on Interakt\"}"} 
[2026-08-29 16:41:37] local.INFO: Interakt User_track Request {"phoneNumber":"9878978787","countryCode":"+91","traits":{"name":"Rfsefr Fdsfsd"},"tags":["Self Get Offer"]} 
[2026-08-29 16:41:37] local.INFO: Interakt User_track Response {"response":"{\"result\":false,\"message\":\"You don't have an active subscription on Interakt\"}"} 
[2026-08-29 16:41:38] local.INFO: Interakt Event_track Request {"phoneNumber":"9878978787","countryCode":"+91","event":"Self Get Offer","traits":{"SelfEligibleAmount":875000.0}} 
[2026-08-29 16:41:38] local.INFO: Interakt Event_track Response {"response":"{\"result\":false,\"message\":\"You don't have an active subscription on Interakt\"}"} 
[2026-08-29 16:42:25] local.INFO: Interakt User_track Request {"phoneNumber":"9878978787","countryCode":"+91","traits":{"name":"Rfsefr Fdsfsd"},"tags":["Self Get Offer"]} 
[2026-08-29 16:42:25] local.INFO: Interakt User_track Response {"response":"{\"result\":false,\"message\":\"You don't have an active subscription on Interakt\"}"} 
[2026-08-29 16:42:26] local.INFO: Interakt Event_track Request {"phoneNumber":"9878978787","countryCode":"+91","event":"Self Get Offer","traits":{"SelfEligibleAmount":875000.0}} 
[2026-08-29 16:42:26] local.INFO: Interakt Event_track Response {"response":"{\"result\":false,\"message\":\"You don't have an active subscription on Interakt\"}"} 
[2026-08-29 16:43:22] local.INFO: Interakt User_track Request {"phoneNumber":"9878978787","countryCode":"+91","traits":{"name":"Rfsefr Fdsfsd"},"tags":["Self Get Offer"]} 
[2026-08-29 16:43:22] local.INFO: Interakt User_track Response {"response":"{\"result\":false,\"message\":\"You don't have an active subscription on Interakt\"}"} 
[2026-08-29 16:43:23] local.INFO: Interakt Event_track Request {"phoneNumber":"9878978787","countryCode":"+91","event":"Self Get Offer","traits":{"SelfEligibleAmount":875000.0}} 
[2026-08-29 16:43:23] local.INFO: Interakt Event_track Response {"response":"{\"result\":false,\"message\":\"You don't have an active subscription on Interakt\"}"} 
[2026-08-29 16:43:59] local.INFO: Interakt User_track Request {"phoneNumber":"9878978787","countryCode":"+91","traits":{"name":"Rfsefr Fdsfsd"},"tags":["Self Get Offer"]} 
[2026-08-29 16:43:59] local.INFO: Interakt User_track Response {"response":"{\"result\":false,\"message\":\"You don't have an active subscription on Interakt\"}"} 
[2026-08-29 16:44:00] local.INFO: Interakt Event_track Request {"phoneNumber":"9878978787","countryCode":"+91","event":"Self Get Offer","traits":{"SelfEligibleAmount":875000.0}} 
[2026-08-29 16:44:00] local.INFO: Interakt Event_track Response {"response":"{\"result\":false,\"message\":\"You don't have an active subscription on Interakt\"}"} 
[2026-08-29 16:44:18] local.INFO: Interakt User_track Request {"phoneNumber":"9878978787","countryCode":"+91","traits":{"name":"Rfsefr Fdsfsd"},"tags":["Self Get Offer"]} 
[2026-08-29 16:44:18] local.INFO: Interakt User_track Response {"response":"{\"result\":false,\"message\":\"You don't have an active subscription on Interakt\"}"} 
[2026-08-29 16:44:19] local.INFO: Interakt Event_track Request {"phoneNumber":"9878978787","countryCode":"+91","event":"Self Get Offer","traits":{"SelfEligibleAmount":875000.0}} 
[2026-08-29 16:44:19] local.INFO: Interakt Event_track Response {"response":"{\"result\":false,\"message\":\"You don't have an active subscription on Interakt\"}"} 
[2026-08-29 16:44:56] local.INFO: Interakt User_track Request {"phoneNumber":"9878978787","countryCode":"+91","traits":{"name":"Rfsefr Fdsfsd"},"tags":["Self Get Offer"]} 
[2026-08-29 16:44:56] local.INFO: Interakt User_track Response {"response":"{\"result\":false,\"message\":\"You don't have an active subscription on Interakt\"}"} 
[2026-08-29 16:44:57] local.INFO: Interakt Event_track Request {"phoneNumber":"9878978787","countryCode":"+91","event":"Self Get Offer","traits":{"SelfEligibleAmount":875000.0}} 
[2026-08-29 16:44:57] local.INFO: Interakt Event_track Response {"response":"{\"result\":false,\"message\":\"You don't have an active subscription on Interakt\"}"} 
[2026-08-29 16:45:07] local.INFO: Interakt User_track Request {"phoneNumber":"9878978787","countryCode":"+91","traits":{"name":"Rfsefr Fdsfsd"},"tags":["Self Get Offer"]} 
[2026-08-29 16:45:07] local.INFO: Interakt User_track Response {"response":"{\"result\":false,\"message\":\"You don't have an active subscription on Interakt\"}"} 
[2026-08-29 16:45:07] local.INFO: Interakt Event_track Request {"phoneNumber":"9878978787","countryCode":"+91","event":"Self Get Offer","traits":{"SelfEligibleAmount":875000.0}} 
[2026-08-29 16:45:07] local.INFO: Interakt Event_track Response {"response":"{\"result\":false,\"message\":\"You don't have an active subscription on Interakt\"}"} 
[2026-08-29 16:46:09] local.INFO: Interakt User_track Request {"phoneNumber":"9878978787","countryCode":"+91","traits":{"name":"Rfsefr Fdsfsd"},"tags":["Self Get Offer"]} 
[2026-08-29 16:46:09] local.INFO: Interakt User_track Response {"response":"{\"result\":false,\"message\":\"You don't have an active subscription on Interakt\"}"} 
[2026-08-29 16:46:10] local.INFO: Interakt Event_track Request {"phoneNumber":"9878978787","countryCode":"+91","event":"Self Get Offer","traits":{"SelfEligibleAmount":875000.0}} 
[2026-08-29 16:46:10] local.INFO: Interakt Event_track Response {"response":"{\"result\":false,\"message\":\"You don't have an active subscription on Interakt\"}"} 
[2026-08-29 16:46:24] local.INFO: Interakt User_track Request {"phoneNumber":"9878978787","countryCode":"+91","traits":{"name":"Rfsefr Fdsfsd"},"tags":["Self Get Offer"]} 
[2026-08-29 16:46:24] local.INFO: Interakt User_track Response {"response":"{\"result\":false,\"message\":\"You don't have an active subscription on Interakt\"}"} 
[2026-08-29 16:46:24] local.INFO: Interakt Event_track Request {"phoneNumber":"9878978787","countryCode":"+91","event":"Self Get Offer","traits":{"SelfEligibleAmount":875000.0}} 
[2026-08-29 16:46:24] local.INFO: Interakt Event_track Response {"response":"{\"result\":false,\"message\":\"You don't have an active subscription on Interakt\"}"} 
[2026-08-29 16:46:41] local.INFO: Interakt User_track Request {"phoneNumber":"9878978787","countryCode":"+91","traits":{"name":"Rfsefr Fdsfsd"},"tags":["Self Get Offer"]} 
[2026-08-29 16:46:41] local.INFO: Interakt User_track Response {"response":"{\"result\":false,\"message\":\"You don't have an active subscription on Interakt\"}"} 
[2026-08-29 16:46:41] local.INFO: Interakt Event_track Request {"phoneNumber":"9878978787","countryCode":"+91","event":"Self Get Offer","traits":{"SelfEligibleAmount":875000.0}} 
[2026-08-29 16:46:41] local.INFO: Interakt Event_track Response {"response":"{\"result\":false,\"message\":\"You don't have an active subscription on Interakt\"}"} 
[2026-08-29 16:47:19] local.INFO: Interakt User_track Request {"phoneNumber":"9878978787","countryCode":"+91","traits":{"name":"Rfsefr Fdsfsd"},"tags":["Self Get Offer"]} 
[2026-08-29 16:47:19] local.INFO: Interakt User_track Response {"response":"{\"result\":false,\"message\":\"You don't have an active subscription on Interakt\"}"} 
[2026-08-29 16:47:19] local.INFO: Interakt Event_track Request {"phoneNumber":"9878978787","countryCode":"+91","event":"Self Get Offer","traits":{"SelfEligibleAmount":875000.0}} 
[2026-08-29 16:47:19] local.INFO: Interakt Event_track Response {"response":"{\"result\":false,\"message\":\"You don't have an active subscription on Interakt\"}"} 
[2026-08-29 16:47:32] local.INFO: Interakt User_track Request {"phoneNumber":"9878978787","countryCode":"+91","traits":{"name":"Rfsefr Fdsfsd"},"tags":["Self Get Offer"]} 
[2026-08-29 16:47:32] local.INFO: Interakt User_track Response {"response":"{\"result\":false,\"message\":\"You don't have an active subscription on Interakt\"}"} 
[2026-08-29 16:47:33] local.INFO: Interakt Event_track Request {"phoneNumber":"9878978787","countryCode":"+91","event":"Self Get Offer","traits":{"SelfEligibleAmount":875000.0}} 
[2026-08-29 16:47:33] local.INFO: Interakt Event_track Response {"response":"{\"result\":false,\"message\":\"You don't have an active subscription on Interakt\"}"} 
[2026-08-29 16:49:30] local.INFO: Interakt User_track Request {"phoneNumber":"9878978787","countryCode":"+91","traits":{"name":"Rfsefr Fdsfsd"},"tags":["Self Get Offer"]} 
[2026-08-29 16:49:30] local.INFO: Interakt User_track Response {"response":"{\"result\":false,\"message\":\"You don't have an active subscription on Interakt\"}"} 
[2026-08-29 16:49:31] local.INFO: Interakt Event_track Request {"phoneNumber":"9878978787","countryCode":"+91","event":"Self Get Offer","traits":{"SelfEligibleAmount":875000.0}} 
[2026-08-29 16:49:31] local.INFO: Interakt Event_track Response {"response":"{\"result\":false,\"message\":\"You don't have an active subscription on Interakt\"}"} 
[2026-08-29 16:50:28] local.INFO: Interakt User_track Request {"phoneNumber":"9878978787","countryCode":"+91","traits":{"name":"Rfsefr Fdsfsd"},"tags":["Self Get Offer"]} 
[2026-08-29 16:50:28] local.INFO: Interakt User_track Response {"response":"{\"result\":false,\"message\":\"You don't have an active subscription on Interakt\"}"} 
[2026-08-29 16:50:28] local.INFO: Interakt Event_track Request {"phoneNumber":"9878978787","countryCode":"+91","event":"Self Get Offer","traits":{"SelfEligibleAmount":875000.0}} 
[2026-08-29 16:50:28] local.INFO: Interakt Event_track Response {"response":"{\"result\":false,\"message\":\"You don't have an active subscription on Interakt\"}"} 
[2026-08-29 16:50:51] local.INFO: Interakt User_track Request {"phoneNumber":"9878978787","countryCode":"+91","traits":{"name":"Rfsefr Fdsfsd"},"tags":["Self Get Offer"]} 
[2026-08-29 16:50:51] local.INFO: Interakt User_track Response {"response":"{\"result\":false,\"message\":\"You don't have an active subscription on Interakt\"}"} 
[2026-08-29 16:50:52] local.INFO: Interakt Event_track Request {"phoneNumber":"9878978787","countryCode":"+91","event":"Self Get Offer","traits":{"SelfEligibleAmount":875000.0}} 
[2026-08-29 16:50:52] local.INFO: Interakt Event_track Response {"response":"{\"result\":false,\"message\":\"You don't have an active subscription on Interakt\"}"} 
[2026-08-29 16:51:12] local.INFO: Interakt User_track Request {"phoneNumber":"9878978787","countryCode":"+91","traits":{"name":"Rfsefr Fdsfsd"},"tags":["Self Get Offer"]} 
[2026-08-29 16:51:12] local.INFO: Interakt User_track Response {"response":"{\"result\":false,\"message\":\"You don't have an active subscription on Interakt\"}"} 
[2026-08-29 16:51:13] local.INFO: Interakt Event_track Request {"phoneNumber":"9878978787","countryCode":"+91","event":"Self Get Offer","traits":{"SelfEligibleAmount":875000.0}} 
[2026-08-29 16:51:13] local.INFO: Interakt Event_track Response {"response":"{\"result\":false,\"message\":\"You don't have an active subscription on Interakt\"}"} 
[2026-08-29 16:52:52] local.INFO: Interakt User_track Request {"phoneNumber":"9878978787","countryCode":"+91","traits":{"name":"Rfsefr Fdsfsd"},"tags":["Self Get Offer"]} 
[2026-08-29 16:52:52] local.INFO: Interakt User_track Response {"response":"{\"result\":false,\"message\":\"You don't have an active subscription on Interakt\"}"} 
[2026-08-29 16:52:52] local.INFO: Interakt Event_track Request {"phoneNumber":"9878978787","countryCode":"+91","event":"Self Get Offer","traits":{"SelfEligibleAmount":875000.0}} 
[2026-08-29 16:52:52] local.INFO: Interakt Event_track Response {"response":"{\"result\":false,\"message\":\"You don't have an active subscription on Interakt\"}"} 
[2026-08-29 17:03:56] local.INFO: otp sms message : Hello, the https://kreditsathi.com OTP for your mobile number registration is 9063. Kindly do not share it with anyone. Thanks, Kreditsathi  
[2026-08-29 17:03:56] local.INFO: sms api_url : http://m.onlinebusinessbazaar.in/sendsms.jsp?user=kredsthi&password=c5df69c3e4XX&senderid=#&mobiles=9878978978&sms=Hello%2C+the+https%3A%2F%2Fkreditsathi.com+OTP+for+your+mobile+number+registration+is+9063.+Kindly+do+not+share+it+with+anyone.+Thanks%2C+Kreditsathi  
[2026-08-29 17:03:56] local.INFO: otp sms response : 
<smslist>
<sms>
<status>error</status>
<code>1005</code>
<reason>SMSContentCannotBeBlank</reason>
<clientsmsid></clientsmsid>
<messageid>-1</messageid>
<mobileno>0</mobileno>
</sms>
</smslist>
  
[2026-08-29 17:04:55] local.INFO: otp sms message : Hello, the https://kreditsathi.com OTP for your mobile number registration is 7041. Kindly do not share it with anyone. Thanks, Kreditsathi  
[2026-08-29 17:04:55] local.INFO: sms api_url : http://m.onlinebusinessbazaar.in/sendsms.jsp?user=kredsthi&password=c5df69c3e4XX&senderid=#&mobiles=9789787897&sms=Hello%2C+the+https%3A%2F%2Fkreditsathi.com+OTP+for+your+mobile+number+registration+is+7041.+Kindly+do+not+share+it+with+anyone.+Thanks%2C+Kreditsathi  
[2026-08-29 17:04:55] local.INFO: otp sms response : 
<smslist>
<sms>
<status>error</status>
<code>1005</code>
<reason>SMSContentCannotBeBlank</reason>
<clientsmsid></clientsmsid>
<messageid>-1</messageid>
<mobileno>0</mobileno>
</sms>
</smslist>
  
[2026-08-29 17:21:56] local.INFO: Interakt User_track Request {"phoneNumber":"9789787897","countryCode":"+91","traits":{"name":"Asdsd Kakadiya"},"tags":["Self Get Offer"]} 
[2026-08-29 17:21:56] local.INFO: Interakt User_track Response {"response":"{\"result\":false,\"message\":\"You don't have an active subscription on Interakt\"}"} 
[2026-08-29 17:21:57] local.INFO: Interakt Event_track Request {"phoneNumber":"9789787897","countryCode":"+91","event":"Self Get Offer","traits":{"SelfEligibleAmount":875000.0}} 
[2026-08-29 17:21:57] local.INFO: Interakt Event_track Response {"response":"{\"result\":false,\"message\":\"You don't have an active subscription on Interakt\"}"} 
[2026-08-29 17:22:21] local.INFO: Interakt User_track Request {"phoneNumber":"9789787897","countryCode":"+91","traits":{"name":"Asdsd Kakadiya"},"tags":["Hire Get Offer"]} 
[2026-08-29 17:22:21] local.INFO: Interakt User_track Response {"response":"{\"result\":false,\"message\":\"You don't have an active subscription on Interakt\"}"} 
[2026-08-29 17:22:22] local.INFO: Interakt Event_track Request {"phoneNumber":"9789787897","countryCode":"+91","event":"Hire Get Offer","traits":{"HireEligibleAmount":875000.0}} 
[2026-08-29 17:22:22] local.INFO: Interakt Event_track Response {"response":"{\"result\":false,\"message\":\"You don't have an active subscription on Interakt\"}"} 
[2026-08-29 17:22:23] local.INFO: cURL Response aisensy_track :  {"response":"{\"name\":\"ERR401\",\"message\":\"Unauthorized\"}"} 
[2026-08-29 17:23:03] local.INFO: Interakt User_track Request {"phoneNumber":"9789787897","countryCode":"+91","traits":{"name":"Asdsd Kakadiya"},"tags":["Self Get Offer"]} 
[2026-08-29 17:23:03] local.INFO: Interakt User_track Response {"response":"{\"result\":false,\"message\":\"You don't have an active subscription on Interakt\"}"} 
[2026-08-29 17:23:04] local.INFO: Interakt Event_track Request {"phoneNumber":"9789787897","countryCode":"+91","event":"Self Get Offer","traits":{"SelfEligibleAmount":875000.0}} 
[2026-08-29 17:23:04] local.INFO: Interakt Event_track Response {"response":"{\"result\":false,\"message\":\"You don't have an active subscription on Interakt\"}"} 
[2026-08-29 17:23:07] local.INFO: Interakt User_track Request {"phoneNumber":"9789787897","countryCode":"+91","traits":{"name":"Asdsd Kakadiya"},"tags":["Hire Get Offer"]} 
[2026-08-29 17:23:07] local.INFO: Interakt User_track Response {"response":"{\"result\": false, \"message\": \"Invalid token provided\"}"} 
[2026-08-29 17:23:07] local.INFO: Interakt Event_track Request {"phoneNumber":"9789787897","countryCode":"+91","event":"Hire Get Offer","traits":{"HireEligibleAmount":875000.0}} 
[2026-08-29 17:23:07] local.INFO: Interakt Event_track Response {"response":"{\"result\": false, \"message\": \"Invalid token provided\"}"} 
[2026-08-29 17:23:38] local.INFO: cURL Response aisensy_track :  {"response":"{\"name\":\"ERR401\",\"message\":\"Unauthorized\"}"} 
[2026-08-29 17:23:54] local.INFO: Interakt User_track Request {"phoneNumber":"9789787897","countryCode":"+91","traits":{"name":"Asdsd Kakadiya"},"tags":["Hire Get Offer"]} 
[2026-08-29 17:23:54] local.INFO: Interakt User_track Response {"response":"{\"result\":false,\"message\":\"You don't have an active subscription on Interakt\"}"} 
[2026-08-29 17:23:55] local.INFO: Interakt Event_track Request {"phoneNumber":"9789787897","countryCode":"+91","event":"Hire Get Offer","traits":{"HireEligibleAmount":875000.0}} 
[2026-08-29 17:23:55] local.INFO: Interakt Event_track Response {"response":"{\"result\":false,\"message\":\"You don't have an active subscription on Interakt\"}"} 
[2026-08-29 17:23:56] local.INFO: cURL Response aisensy_track :  {"response":"{\"name\":\"ERR401\",\"message\":\"Unauthorized\"}"} 
[2026-08-29 17:23:57] local.INFO: Interakt User_track Request {"phoneNumber":"9789787897","countryCode":"+91","traits":{"name":"Asdsd Kakadiya"},"tags":["Self Get Offer"]} 
[2026-08-29 17:23:57] local.INFO: Interakt User_track Response {"response":"{\"result\":false,\"message\":\"You don't have an active subscription on Interakt\"}"} 
[2026-08-29 17:23:58] local.INFO: Interakt Event_track Request {"phoneNumber":"9789787897","countryCode":"+91","event":"Self Get Offer","traits":{"SelfEligibleAmount":875000.0}} 
[2026-08-29 17:23:58] local.INFO: Interakt Event_track Response {"response":"{\"result\": false, \"message\": \"Invalid token provided\"}"} 
[2026-08-29 17:24:55] local.INFO: Interakt User_track Request {"phoneNumber":"9789787897","countryCode":"+91","traits":{"name":"Asdsd Kakadiya"},"tags":["Self Get Offer"]} 
[2026-08-29 17:24:55] local.INFO: Interakt User_track Response {"response":"{\"result\":false,\"message\":\"You don't have an active subscription on Interakt\"}"} 
[2026-08-29 17:24:55] local.INFO: Interakt Event_track Request {"phoneNumber":"9789787897","countryCode":"+91","event":"Self Get Offer","traits":{"SelfEligibleAmount":875000.0}} 
[2026-08-29 17:24:55] local.INFO: Interakt Event_track Response {"response":"{\"result\":false,\"message\":\"You don't have an active subscription on Interakt\"}"} 
[2026-08-29 17:26:05] local.INFO: Interakt User_track Request {"phoneNumber":"9789787897","countryCode":"+91","traits":{"name":"Asdsd Kakadiya"},"tags":["Self Get Offer"]} 
[2026-08-29 17:26:05] local.INFO: Interakt User_track Response {"response":"{\"result\":false,\"message\":\"You don't have an active subscription on Interakt\"}"} 
[2026-08-29 17:26:06] local.INFO: Interakt Event_track Request {"phoneNumber":"9789787897","countryCode":"+91","event":"Self Get Offer","traits":{"SelfEligibleAmount":875000.0}} 
[2026-08-29 17:26:06] local.INFO: Interakt Event_track Response {"response":"{\"result\":false,\"message\":\"You don't have an active subscription on Interakt\"}"} 
[2026-08-29 17:26:07] local.INFO: Interakt User_track Request {"phoneNumber":"9789787897","countryCode":"+91","traits":{"name":"Asdsd Kakadiya"},"tags":["Hire Get Offer"]} 
[2026-08-29 17:26:07] local.INFO: Interakt User_track Response {"response":"{\"result\":false,\"message\":\"You don't have an active subscription on Interakt\"}"} 
[2026-08-29 17:26:08] local.INFO: Interakt Event_track Request {"phoneNumber":"9789787897","countryCode":"+91","event":"Hire Get Offer","traits":{"HireEligibleAmount":875000.0}} 
[2026-08-29 17:26:08] local.INFO: Interakt Event_track Response {"response":"{\"result\": false, \"message\": \"Invalid token provided\"}"} 
[2026-08-29 17:26:09] local.INFO: cURL Response aisensy_track :  {"response":"{\"name\":\"ERR401\",\"message\":\"Unauthorized\"}"} 
[2026-08-29 17:26:39] local.INFO: Interakt User_track Request {"phoneNumber":"9789787897","countryCode":"+91","traits":{"name":"Asdsd Kakadiya"},"tags":["Self Get Offer"]} 
[2026-08-29 17:26:39] local.INFO: Interakt User_track Response {"response":"{\"result\":false,\"message\":\"You don't have an active subscription on Interakt\"}"} 
[2026-08-29 17:26:39] local.INFO: Interakt Event_track Request {"phoneNumber":"9789787897","countryCode":"+91","event":"Self Get Offer","traits":{"SelfEligibleAmount":875000.0}} 
[2026-08-29 17:26:39] local.INFO: Interakt Event_track Response {"response":"{\"result\":false,\"message\":\"You don't have an active subscription on Interakt\"}"} 
[2026-08-29 17:26:40] local.INFO: Interakt User_track Request {"phoneNumber":"9789787897","countryCode":"+91","traits":{"name":"Asdsd Kakadiya"},"tags":["Hire Get Offer"]} 
[2026-08-29 17:26:40] local.INFO: Interakt User_track Response {"response":"{\"result\":false,\"message\":\"You don't have an active subscription on Interakt\"}"} 
[2026-08-29 17:26:40] local.INFO: Interakt Event_track Request {"phoneNumber":"9789787897","countryCode":"+91","event":"Hire Get Offer","traits":{"HireEligibleAmount":875000.0}} 
[2026-08-29 17:26:40] local.INFO: Interakt Event_track Response {"response":"{\"result\":false,\"message\":\"You don't have an active subscription on Interakt\"}"} 
[2026-08-29 17:26:42] local.INFO: cURL Response aisensy_track :  {"response":"{\"name\":\"ERR401\",\"message\":\"Unauthorized\"}"} 
[2026-08-29 17:27:04] local.INFO: Interakt User_track Request {"phoneNumber":"9789787897","countryCode":"+91","traits":{"name":"Asdsd Kakadiya"},"tags":["Hire Get Offer"]} 
[2026-08-29 17:27:04] local.INFO: Interakt User_track Response {"response":"{\"result\":false,\"message\":\"You don't have an active subscription on Interakt\"}"} 
[2026-08-29 17:27:04] local.INFO: Interakt Event_track Request {"phoneNumber":"9789787897","countryCode":"+91","event":"Hire Get Offer","traits":{"HireEligibleAmount":875000.0}} 
[2026-08-29 17:27:04] local.INFO: Interakt Event_track Response {"response":"{\"result\":false,\"message\":\"You don't have an active subscription on Interakt\"}"} 
[2026-08-29 17:27:05] local.INFO: cURL Response aisensy_track :  {"response":"{\"name\":\"ERR401\",\"message\":\"Unauthorized\"}"} 
[2026-08-29 17:27:35] local.INFO: Interakt User_track Request {"phoneNumber":"9789787897","countryCode":"+91","traits":{"name":"Asdsd Kakadiya"},"tags":["Self Get Offer"]} 
[2026-08-29 17:27:35] local.INFO: Interakt User_track Response {"response":"{\"result\":false,\"message\":\"You don't have an active subscription on Interakt\"}"} 
[2026-08-29 17:27:35] local.INFO: Interakt Event_track Request {"phoneNumber":"9789787897","countryCode":"+91","event":"Self Get Offer","traits":{"SelfEligibleAmount":875000.0}} 
[2026-08-29 17:27:35] local.INFO: Interakt Event_track Response {"response":"{\"result\":false,\"message\":\"You don't have an active subscription on Interakt\"}"} 
[2026-08-29 17:28:09] local.INFO: 588  
[2026-08-29 17:28:09] local.INFO: Checksum Input String: KRED1|TXN17880046899271|58800|INR|1788004689  
[2026-08-29 17:28:09] local.INFO: Generated Checksum: 11a77bfd091429e15e2120751e6f933ea0f821d8ba15cab55278cd65adad38a6  
[2026-08-29 17:28:10] local.INFO: array (
  'status' => true,
  'response' => 
  array (
    'success' => true,
    'paymentId' => 'sppay_0658edb091544fad9fdb',
    'checkoutUrl' => 'https://checkout.sabpaisa.in/checkout/sppay_0658edb091544fad9fdb',
    'status' => 'PENDING',
    'amount' => 58800,
    'currency' => 'INR',
    'merchantTxnId' => 'TXN17880046899271',
    'expiresAt' => '2026-08-29T18:00:11.4074077',
    'message' => 'Payment created successfully. Redirect customer to checkoutUrl.',
    'traceId' => '0708edbbccfd9a500705e386bb8e9d6f',
    'clientSecret' => 'sppay_0658edb091544fad9fdb_secret_00b78ebb61393f7a75d3ecec14e2fa903ac8d8e3d567c98d73bd7585d861e77e',
    'errorCode' => NULL,
    'errorMessage' => NULL,
  ),
)  
[2026-08-29 17:31:09] local.INFO: Interakt User_track Request {"phoneNumber":"9789787897","countryCode":"+91","traits":{"name":"Asdsd Kakadiya"},"tags":["Self Get Offer"]} 
[2026-08-29 17:31:09] local.INFO: Interakt User_track Response {"response":"{\"result\":false,\"message\":\"You don't have an active subscription on Interakt\"}"} 
[2026-08-29 17:31:10] local.INFO: Interakt Event_track Request {"phoneNumber":"9789787897","countryCode":"+91","event":"Self Get Offer","traits":{"SelfEligibleAmount":875000.0}} 
[2026-08-29 17:31:10] local.INFO: Interakt Event_track Response {"response":"{\"result\":false,\"message\":\"You don't have an active subscription on Interakt\"}"} 
[2026-08-29 17:31:39] local.INFO: Interakt User_track Request {"phoneNumber":"9789787897","countryCode":"+91","traits":{"name":"Asdsd Kakadiya"},"tags":["Self Get Offer"]} 
[2026-08-29 17:31:39] local.INFO: Interakt User_track Response {"response":"{\"result\":false,\"message\":\"You don't have an active subscription on Interakt\"}"} 
[2026-08-29 17:31:39] local.INFO: Interakt Event_track Request {"phoneNumber":"9789787897","countryCode":"+91","event":"Self Get Offer","traits":{"SelfEligibleAmount":875000.0}} 
[2026-08-29 17:31:39] local.INFO: Interakt Event_track Response {"response":"{\"result\":false,\"message\":\"You don't have an active subscription on Interakt\"}"} 
[2026-08-29 17:38:41] local.INFO: otp sms message : Hello, the https://kreditsathi.com OTP for your mobile number registration is 7837. Kindly do not share it with anyone. Thanks, Kreditsathi  
[2026-08-29 17:38:41] local.INFO: sms api_url : http://m.onlinebusinessbazaar.in/sendsms.jsp?user=kredsthi&password=c5df69c3e4XX&senderid=#&mobiles=8798798798&sms=Hello%2C+the+https%3A%2F%2Fkreditsathi.com+OTP+for+your+mobile+number+registration+is+7837.+Kindly+do+not+share+it+with+anyone.+Thanks%2C+Kreditsathi  
[2026-08-29 17:38:41] local.INFO: otp sms response : 
<smslist>
<sms>
<status>error</status>
<code>1005</code>
<reason>SMSContentCannotBeBlank</reason>
<clientsmsid></clientsmsid>
<messageid>-1</messageid>
<mobileno>0</mobileno>
</sms>
</smslist>
  
[2026-08-29 17:44:23] local.INFO: otp sms message : Hello, the https://kreditsathi.com OTP for your mobile number registration is 4209. Kindly do not share it with anyone. Thanks, Kreditsathi  
[2026-08-29 17:44:23] local.INFO: sms api_url : http://m.onlinebusinessbazaar.in/sendsms.jsp?user=kredsthi&password=c5df69c3e4XX&senderid=#&mobiles=9858787878&sms=Hello%2C+the+https%3A%2F%2Fkreditsathi.com+OTP+for+your+mobile+number+registration+is+4209.+Kindly+do+not+share+it+with+anyone.+Thanks%2C+Kreditsathi  
[2026-08-29 17:44:23] local.INFO: otp sms response : 
<smslist>
<sms>
<status>error</status>
<code>1005</code>
<reason>SMSContentCannotBeBlank</reason>
<clientsmsid></clientsmsid>
<messageid>-1</messageid>
<mobileno>0</mobileno>
</sms>
</smslist>
  
[2026-08-29 17:46:24] local.INFO: otp sms message : Hello, the https://kreditsathi.com OTP for your mobile number registration is 4486. Kindly do not share it with anyone. Thanks, Kreditsathi  
[2026-08-29 17:46:24] local.INFO: sms api_url : http://m.onlinebusinessbazaar.in/sendsms.jsp?user=kredsthi&password=c5df69c3e4XX&senderid=#&mobiles=9798789778&sms=Hello%2C+the+https%3A%2F%2Fkreditsathi.com+OTP+for+your+mobile+number+registration+is+4486.+Kindly+do+not+share+it+with+anyone.+Thanks%2C+Kreditsathi  
[2026-08-29 17:46:24] local.INFO: otp sms response : 
<smslist>
<sms>
<status>error</status>
<code>1005</code>
<reason>SMSContentCannotBeBlank</reason>
<clientsmsid></clientsmsid>
<messageid>-1</messageid>
<mobileno>0</mobileno>
</sms>
</smslist>
  
[2026-08-29 17:46:31] local.INFO: otp sms message : Hello, the https://kreditsathi.com OTP for your mobile number registration is 9694. Kindly do not share it with anyone. Thanks, Kreditsathi  
[2026-08-29 17:46:31] local.INFO: sms api_url : http://m.onlinebusinessbazaar.in/sendsms.jsp?user=kredsthi&password=c5df69c3e4XX&senderid=#&mobiles=9798789798&sms=Hello%2C+the+https%3A%2F%2Fkreditsathi.com+OTP+for+your+mobile+number+registration+is+9694.+Kindly+do+not+share+it+with+anyone.+Thanks%2C+Kreditsathi  
[2026-08-29 17:46:31] local.INFO: otp sms response : 
<smslist>
<sms>
<status>error</status>
<code>1005</code>
<reason>SMSContentCannotBeBlank</reason>
<clientsmsid></clientsmsid>
<messageid>-1</messageid>
<mobileno>0</mobileno>
</sms>
</smslist>
  
[2026-08-29 17:47:59] local.INFO: otp sms message : Hello, the https://kreditsathi.com OTP for your mobile number registration is 1117. Kindly do not share it with anyone. Thanks, Kreditsathi  
[2026-08-29 17:47:59] local.INFO: sms api_url : http://m.onlinebusinessbazaar.in/sendsms.jsp?user=kredsthi&password=c5df69c3e4XX&senderid=#&mobiles=8979878787&sms=Hello%2C+the+https%3A%2F%2Fkreditsathi.com+OTP+for+your+mobile+number+registration+is+1117.+Kindly+do+not+share+it+with+anyone.+Thanks%2C+Kreditsathi  
[2026-08-29 17:47:59] local.INFO: otp sms response : 
<smslist>
<sms>
<status>error</status>
<code>1005</code>
<reason>SMSContentCannotBeBlank</reason>
<clientsmsid></clientsmsid>
<messageid>-1</messageid>
<mobileno>0</mobileno>
</sms>
</smslist>
  
[2026-08-29 17:48:06] local.INFO: otp sms message : Hello, the https://kreditsathi.com OTP for your mobile number registration is 4415. Kindly do not share it with anyone. Thanks, Kreditsathi  
[2026-08-29 17:48:06] local.INFO: sms api_url : http://m.onlinebusinessbazaar.in/sendsms.jsp?user=kredsthi&password=c5df69c3e4XX&senderid=#&mobiles=9879878789&sms=Hello%2C+the+https%3A%2F%2Fkreditsathi.com+OTP+for+your+mobile+number+registration+is+4415.+Kindly+do+not+share+it+with+anyone.+Thanks%2C+Kreditsathi  
[2026-08-29 17:48:06] local.INFO: otp sms response : 
<smslist>
<sms>
<status>error</status>
<code>1005</code>
<reason>SMSContentCannotBeBlank</reason>
<clientsmsid></clientsmsid>
<messageid>-1</messageid>
<mobileno>0</mobileno>
</sms>
</smslist>
  
[2026-08-29 17:49:13] local.INFO: otp sms message : Hello, the https://kreditsathi.com OTP for your mobile number registration is 3975. Kindly do not share it with anyone. Thanks, Kreditsathi  
[2026-08-29 17:49:13] local.INFO: sms api_url : http://m.onlinebusinessbazaar.in/sendsms.jsp?user=kredsthi&password=c5df69c3e4XX&senderid=#&mobiles=9787778787&sms=Hello%2C+the+https%3A%2F%2Fkreditsathi.com+OTP+for+your+mobile+number+registration+is+3975.+Kindly+do+not+share+it+with+anyone.+Thanks%2C+Kreditsathi  
[2026-08-29 17:49:13] local.INFO: otp sms response : 
<smslist>
<sms>
<status>error</status>
<code>1005</code>
<reason>SMSContentCannotBeBlank</reason>
<clientsmsid></clientsmsid>
<messageid>-1</messageid>
<mobileno>0</mobileno>
</sms>
</smslist>
  
[2026-08-29 17:53:29] local.INFO: Interakt User_track Request {"phoneNumber":"9878787878","countryCode":"+91","traits":{"name":"Ghj Jhgjh"},"tags":["Self Get Offer"]} 
[2026-08-29 17:53:29] local.INFO: Interakt User_track Response {"response":"{\"result\":false,\"message\":\"You don't have an active subscription on Interakt\"}"} 
[2026-08-29 17:53:30] local.INFO: Interakt Event_track Request {"phoneNumber":"9878787878","countryCode":"+91","event":"Self Get Offer","traits":{"SelfEligibleAmount":195000.0}} 
[2026-08-29 17:53:30] local.INFO: Interakt Event_track Response {"response":"{\"result\":false,\"message\":\"You don't have an active subscription on Interakt\"}"} 
